,date_id,order_date,year,month,day
0,1,2023-06-27,2023,6,27
1,2,2024-12-27,2024,12,27
2,3,2021-07-25,2021,7,25
3,4,2023-06-27,2023,6,27
4,5,2024-12-27,2024,12,27
5,6,2021-07-25,2021,7,25
6,7,2024-05-11,2024,5,11
7,8,2021-10-09,2021,10,9
8,9,2022-11-18,2022,11,18
9,10,2022-11-18,2022,11,18
10,11,2023-11-12,2023,11,12
11,12,2020-03-23,2020,3,23
12,13,2020-05-04,2020,5,4
13,14,2020-05-04,2020,5,4
14,15,2020-05-04,2020,5,4
15,16,2023-11-09,2023,11,9
16,17,2023-11-09,2023,11,9
17,18,2024-12-30,2024,12,30
18,19,2024-12-30,2024,12,30
19,20,2025-02-11,2025,2,11
20,21,2024-01-23,2024,1,23
21,22,2020-11-28,2020,11,28
22,23,2020-11-28,2020,11,28
23,24,2024-05-30,2024,5,30
24,25,2024-05-30,2024,5,30
25,26,2024-05-30,2024,5,30
26,27,2022-01-23,2022,1,23
27,28,2021-12-17,2021,12,17
28,29,2023-02-03,2023,2,3
29,30,2022-10-30,2022,10,30
30,31,2022-01-15,2022,1,15
31,32,2023-12-14,2023,12,14
32,33,2023-12-14,2023,12,14
33,34,2023-07-03,2023,7,3
34,35,2021-05-08,2021,5,8
35,36,2023-07-03,2023,7,3
36,37,2021-05-08,2021,5,8
37,38,2022-10-07,2022,10,7
38,39,2022-10-07,2022,10,7
39,40,2024-08-06,2024,8,6
40,41,2024-08-06,2024,8,6
41,42,2024-08-06,2024,8,6
42,43,2022-01-05,2022,1,5
43,44,2020-10-17,2020,10,17
44,45,2023-08-21,2023,8,21
45,46,2022-01-05,2022,1,5
46,47,2020-10-17,2020,10,17
47,48,2023-08-21,2023,8,21
48,49,2024-12-27,2024,12,27
49,50,2021-06-18,2021,6,18
50,51,2023-05-27,2023,5,27
51,52,2021-10-12,2021,10,12
52,53,2024-12-27,2024,12,27
53,54,2021-06-18,2021,6,18
54,55,2023-05-27,2023,5,27
55,56,2021-10-12,2021,10,12
56,57,2022-09-19,2022,9,19
57,58,2022-03-25,2022,3,25
58,59,2022-02-26,2022,2,26
59,60,2021-04-05,2021,4,5
60,61,2022-02-26,2022,2,26
61,62,2021-04-05,2021,4,5
62,63,2022-02-26,2022,2,26
63,64,2021-04-05,2021,4,5
64,65,2020-11-16,2020,11,16
65,66,2020-11-16,2020,11,16
66,67,2020-11-16,2020,11,16
67,68,2024-12-12,2024,12,12
68,69,2023-04-06,2023,4,6
69,70,2024-12-12,2024,12,12
70,71,2023-04-06,2023,4,6
71,72,2024-12-12,2024,12,12
72,73,2023-04-06,2023,4,6
73,74,2024-12-12,2024,12,12
74,75,2023-04-06,2023,4,6
75,76,2024-01-28,2024,1,28
76,77,2024-01-28,2024,1,28
77,78,2022-01-16,2022,1,16
78,79,2022-12-16,2022,12,16
79,80,2023-07-13,2023,7,13
80,81,2023-07-13,2023,7,13
81,82,2023-07-13,2023,7,13
82,83,2023-07-13,2023,7,13
83,84,2025-03-10,2025,3,10
84,85,2024-09-24,2024,9,24
85,86,2025-03-10,2025,3,10
86,87,2024-09-24,2024,9,24
87,88,2020-04-13,2020,4,13
88,89,2020-04-13,2020,4,13
89,90,2022-06-27,2022,6,27
90,91,2021-03-14,2021,3,14
91,92,2022-02-23,2022,2,23
92,93,2022-03-29,2022,3,29
93,94,2022-11-20,2022,11,20
94,95,2021-11-12,2021,11,12
95,96,2021-11-12,2021,11,12
96,97,2021-08-17,2021,8,17
97,98,2022-05-16,2022,5,16
98,99,2023-07-16,2023,7,16
99,100,2023-07-16,2023,7,16
100,101,2023-07-16,2023,7,16
101,102,2020-08-18,2020,8,18
102,103,2022-04-19,2022,4,19
103,104,2022-12-23,2022,12,23
104,105,2024-12-07,2024,12,7
105,106,2022-02-03,2022,2,3
106,107,2021-12-12,2021,12,12
107,108,2022-02-03,2022,2,3
108,109,2021-12-12,2021,12,12
109,110,2022-02-03,2022,2,3
110,111,2021-12-12,2021,12,12
111,112,2020-05-17,2020,5,17
112,113,2022-12-05,2022,12,5
113,114,2024-09-17,2024,9,17
114,115,2022-12-05,2022,12,5
115,116,2024-09-17,2024,9,17
116,117,2023-05-08,2023,5,8
117,118,2021-03-03,2021,3,3
118,119,2021-03-18,2021,3,18
119,120,2023-04-24,2023,4,24
120,121,2021-10-09,2021,10,9
121,122,2022-04-15,2022,4,15
122,123,2022-08-29,2022,8,29
123,124,2021-10-09,2021,10,9
124,125,2022-04-15,2022,4,15
125,126,2022-08-29,2022,8,29
126,127,2024-09-04,2024,9,4
127,128,2021-05-18,2021,5,18
128,129,2024-09-04,2024,9,4
129,130,2021-05-18,2021,5,18
130,131,2024-07-02,2024,7,2
131,132,2024-07-02,2024,7,2
132,133,2024-07-02,2024,7,2
133,134,2024-07-02,2024,7,2
134,135,2024-02-16,2024,2,16
135,136,2024-02-16,2024,2,16
136,137,2021-11-26,2021,11,26
137,138,2021-11-26,2021,11,26
138,139,2021-11-26,2021,11,26
139,140,2024-02-01,2024,2,1
140,141,2021-09-09,2021,9,9
141,142,2021-09-08,2021,9,8
142,143,2024-02-01,2024,2,1
143,144,2021-09-09,2021,9,9
144,145,2021-09-08,2021,9,8
145,146,2024-07-09,2024,7,9
146,147,2024-07-09,2024,7,9
147,148,2024-07-09,2024,7,9
148,149,2024-07-09,2024,7,9
149,150,2023-02-28,2023,2,28
150,151,2023-02-28,2023,2,28
151,152,2023-02-28,2023,2,28
152,153,2022-08-08,2022,8,8
153,154,2022-12-07,2022,12,7
154,155,2024-04-29,2024,4,29
155,156,2022-12-07,2022,12,7
156,157,2024-04-29,2024,4,29
157,158,2022-12-07,2022,12,7
158,159,2024-04-29,2024,4,29
159,160,2022-12-07,2022,12,7
160,161,2024-04-29,2024,4,29
161,162,2022-01-02,2022,1,2
162,163,2022-06-10,2022,6,10
163,164,2021-11-16,2021,11,16
164,165,2022-08-17,2022,8,17
165,166,2022-06-10,2022,6,10
166,167,2021-11-16,2021,11,16
167,168,2022-08-17,2022,8,17
168,169,2022-06-10,2022,6,10
169,170,2021-11-16,2021,11,16
170,171,2022-08-17,2022,8,17
171,172,2021-11-23,2021,11,23
172,173,2023-03-04,2023,3,4
173,174,2023-12-16,2023,12,16
174,175,2024-05-19,2024,5,19
175,176,2020-05-14,2020,5,14
176,177,2024-05-19,2024,5,19
177,178,2020-05-14,2020,5,14
178,179,2021-08-29,2021,8,29
179,180,2024-11-10,2024,11,10
180,181,2024-11-10,2024,11,10
181,182,2021-12-05,2021,12,5
182,183,2021-12-05,2021,12,5
183,184,2024-07-05,2024,7,5
184,185,2024-07-05,2024,7,5
185,186,2024-06-25,2024,6,25
186,187,2024-06-25,2024,6,25
187,188,2024-05-31,2024,5,31
188,189,2024-05-31,2024,5,31
189,190,2020-10-20,2020,10,20
190,191,2022-08-11,2022,8,11
191,192,2021-10-17,2021,10,17
192,193,2020-10-20,2020,10,20
193,194,2022-08-11,2022,8,11
194,195,2021-10-17,2021,10,17
195,196,2022-02-23,2022,2,23
196,197,2022-02-23,2022,2,23
197,198,2023-09-20,2023,9,20
198,199,2021-01-19,2021,1,19
199,200,2021-01-19,2021,1,19
200,201,2020-08-21,2020,8,21
201,202,2023-04-17,2023,4,17
202,203,2023-12-24,2023,12,24
203,204,2020-08-21,2020,8,21
204,205,2023-04-17,2023,4,17
205,206,2023-12-24,2023,12,24
206,207,2020-08-21,2020,8,21
207,208,2023-04-17,2023,4,17
208,209,2023-12-24,2023,12,24
209,210,2020-08-21,2020,8,21
210,211,2023-04-17,2023,4,17
211,212,2023-12-24,2023,12,24
212,213,2022-03-20,2022,3,20
213,214,2021-08-12,2021,8,12
214,215,2021-08-12,2021,8,12
215,216,2020-12-21,2020,12,21
216,217,2023-07-07,2023,7,7
217,218,2023-08-13,2023,8,13
218,219,2021-02-04,2021,2,4
219,220,2022-09-16,2022,9,16
220,221,2022-05-06,2022,5,6
221,222,2021-05-28,2021,5,28
222,223,2024-07-18,2024,7,18
223,224,2024-12-06,2024,12,6
224,225,2024-12-06,2024,12,6
225,226,2024-12-06,2024,12,6
226,227,2022-12-12,2022,12,12
227,228,2022-10-20,2022,10,20
228,229,2022-10-20,2022,10,20
229,230,2021-03-24,2021,3,24
230,231,2025-01-06,2025,1,6
231,232,2021-03-24,2021,3,24
232,233,2025-01-06,2025,1,6
233,234,2021-03-06,2021,3,6
234,235,2021-03-06,2021,3,6
235,236,2021-03-06,2021,3,6
236,237,2020-06-17,2020,6,17
237,238,2023-09-01,2023,9,1
238,239,2023-06-08,2023,6,8
239,240,2023-06-08,2023,6,8
240,241,2021-03-25,2021,3,25
241,242,2021-03-25,2021,3,25
242,243,2021-01-03,2021,1,3
243,244,2021-01-03,2021,1,3
244,245,2024-12-27,2024,12,27
245,246,2022-08-12,2022,8,12
246,247,2022-03-28,2022,3,28
247,248,2023-07-15,2023,7,15
248,249,2022-09-22,2022,9,22
249,250,2022-03-28,2022,3,28
250,251,2023-07-15,2023,7,15
251,252,2022-09-22,2022,9,22
252,253,2022-12-20,2022,12,20
253,254,2022-01-16,2022,1,16
254,255,2023-01-29,2023,1,29
255,256,2022-01-15,2022,1,15
256,257,2022-01-15,2022,1,15
257,258,2024-03-24,2024,3,24
258,259,2025-02-19,2025,2,19
259,260,2024-07-13,2024,7,13
260,261,2023-04-28,2023,4,28
261,262,2020-12-05,2020,12,5
262,263,2024-05-14,2024,5,14
263,264,2022-01-18,2022,1,18
264,265,2023-09-18,2023,9,18
265,266,2023-09-18,2023,9,18
266,267,2021-05-12,2021,5,12
267,268,2023-09-17,2023,9,17
268,269,2021-05-12,2021,5,12
269,270,2023-09-17,2023,9,17
270,271,2021-05-12,2021,5,12
271,272,2023-09-17,2023,9,17
272,273,2024-09-06,2024,9,6
273,274,2022-06-18,2022,6,18
274,275,2022-06-18,2022,6,18
275,276,2020-05-22,2020,5,22
276,277,2024-10-17,2024,10,17
277,278,2024-10-17,2024,10,17
278,279,2022-03-22,2022,3,22
279,280,2024-03-17,2024,3,17
280,281,2024-03-17,2024,3,17
281,282,2020-04-02,2020,4,2
282,283,2020-04-02,2020,4,2
283,284,2024-03-13,2024,3,13
284,285,2024-03-13,2024,3,13
285,286,2023-03-21,2023,3,21
286,287,2023-03-21,2023,3,21
287,288,2023-03-21,2023,3,21
288,289,2024-03-02,2024,3,2
289,290,2021-04-30,2021,4,30
290,291,2024-03-02,2024,3,2
291,292,2021-04-30,2021,4,30
292,293,2021-09-15,2021,9,15
293,294,2023-01-28,2023,1,28
294,295,2021-09-15,2021,9,15
295,296,2023-01-28,2023,1,28
296,297,2021-07-08,2021,7,8
297,298,2020-04-08,2020,4,8
298,299,2021-07-08,2021,7,8
299,300,2020-04-08,2020,4,8
300,301,2022-08-23,2022,8,23
301,302,2022-08-23,2022,8,23
302,303,2022-12-17,2022,12,17
303,304,2022-06-08,2022,6,8
304,305,2022-12-17,2022,12,17
305,306,2022-06-08,2022,6,8
306,307,2020-08-28,2020,8,28
307,308,2020-09-26,2020,9,26
308,309,2020-12-13,2020,12,13
309,310,2020-11-19,2020,11,19
310,311,2023-09-13,2023,9,13
311,312,2023-09-13,2023,9,13
312,313,2023-09-13,2023,9,13
313,314,2020-03-31,2020,3,31
314,315,2020-10-20,2020,10,20
315,316,2020-03-31,2020,3,31
316,317,2020-10-20,2020,10,20
317,318,2023-08-04,2023,8,4
318,319,2022-04-11,2022,4,11
319,320,2022-04-11,2022,4,11
320,321,2022-04-11,2022,4,11
321,322,2021-12-31,2021,12,31
322,323,2021-12-31,2021,12,31
323,324,2020-08-16,2020,8,16
324,325,2025-02-02,2025,2,2
325,326,2022-02-24,2022,2,24
326,327,2022-02-24,2022,2,24
327,328,2024-02-25,2024,2,25
328,329,2021-06-15,2021,6,15
329,330,2024-02-25,2024,2,25
330,331,2021-06-15,2021,6,15
331,332,2022-12-08,2022,12,8
332,333,2023-12-09,2023,12,9
333,334,2022-07-16,2022,7,16
334,335,2024-05-05,2024,5,5
335,336,2021-10-04,2021,10,4
336,337,2021-11-20,2021,11,20
337,338,2021-11-20,2021,11,20
338,339,2021-11-20,2021,11,20
339,340,2020-09-15,2020,9,15
340,341,2020-09-15,2020,9,15
341,342,2020-09-15,2020,9,15
342,343,2023-01-17,2023,1,17
343,344,2020-06-16,2020,6,16
344,345,2024-05-01,2024,5,1
345,346,2023-12-07,2023,12,7
346,347,2023-12-07,2023,12,7
347,348,2024-02-02,2024,2,2
348,349,2024-06-23,2024,6,23
349,350,2024-06-23,2024,6,23
350,351,2024-06-23,2024,6,23
351,352,2024-06-07,2024,6,7
352,353,2023-10-13,2023,10,13
353,354,2023-10-13,2023,10,13
354,355,2022-10-08,2022,10,8
355,356,2023-10-27,2023,10,27
356,357,2021-02-09,2021,2,9
357,358,2022-10-08,2022,10,8
358,359,2023-10-27,2023,10,27
359,360,2021-02-09,2021,2,9
360,361,2022-10-08,2022,10,8
361,362,2023-10-27,2023,10,27
362,363,2021-02-09,2021,2,9
363,364,2022-10-08,2022,10,8
364,365,2023-10-27,2023,10,27
365,366,2021-02-09,2021,2,9
366,367,2020-11-03,2020,11,3
367,368,2022-05-30,2022,5,30
368,369,2022-05-30,2022,5,30
369,370,2022-05-30,2022,5,30
370,371,2024-06-16,2024,6,16
371,372,2024-06-16,2024,6,16
372,373,2024-06-16,2024,6,16
373,374,2024-06-16,2024,6,16
374,375,2022-07-15,2022,7,15
375,376,2022-07-15,2022,7,15
376,377,2021-07-18,2021,7,18
377,378,2021-10-02,2021,10,2
378,379,2024-04-16,2024,4,16
379,380,2024-04-16,2024,4,16
380,381,2020-07-09,2020,7,9
381,382,2020-07-25,2020,7,25
382,383,2024-01-24,2024,1,24
383,384,2020-05-04,2020,5,4
384,385,2021-11-13,2021,11,13
385,386,2023-10-07,2023,10,7
386,387,2021-10-23,2021,10,23
387,388,2021-10-23,2021,10,23
388,389,2022-07-18,2022,7,18
389,390,2024-08-23,2024,8,23
390,391,2024-08-23,2024,8,23
391,392,2024-08-23,2024,8,23
392,393,2020-10-28,2020,10,28
393,394,2024-06-15,2024,6,15
394,395,2024-12-19,2024,12,19
395,396,2020-09-04,2020,9,4
396,397,2022-04-16,2022,4,16
397,398,2024-08-29,2024,8,29
398,399,2022-01-14,2022,1,14
399,400,2024-04-07,2024,4,7
400,401,2022-04-24,2022,4,24
401,402,2022-04-24,2022,4,24
402,403,2020-08-27,2020,8,27
403,404,2023-03-01,2023,3,1
404,405,2023-03-01,2023,3,1
405,406,2023-03-01,2023,3,1
406,407,2020-10-02,2020,10,2
407,408,2020-06-23,2020,6,23
408,409,2023-08-21,2023,8,21
409,410,2022-07-16,2022,7,16
410,411,2022-08-01,2022,8,1
411,412,2020-07-16,2020,7,16
412,413,2020-05-02,2020,5,2
413,414,2020-05-02,2020,5,2
414,415,2020-05-02,2020,5,2
415,416,2024-01-10,2024,1,10
416,417,2020-09-30,2020,9,30
417,418,2022-03-28,2022,3,28
418,419,2021-01-30,2021,1,30
419,420,2025-03-14,2025,3,14
420,421,2021-10-26,2021,10,26
421,422,2023-01-11,2023,1,11
422,423,2021-10-26,2021,10,26
423,424,2023-01-11,2023,1,11
424,425,2021-10-31,2021,10,31
425,426,2023-05-04,2023,5,4
426,427,2024-08-09,2024,8,9
427,428,2022-08-21,2022,8,21
428,429,2022-08-21,2022,8,21
429,430,2022-06-19,2022,6,19
430,431,2022-06-19,2022,6,19
431,432,2025-01-29,2025,1,29
432,433,2025-01-29,2025,1,29
433,434,2022-01-14,2022,1,14
434,435,2022-01-14,2022,1,14
435,436,2022-01-14,2022,1,14
436,437,2023-06-15,2023,6,15
437,438,2023-10-18,2023,10,18
438,439,2022-06-13,2022,6,13
439,440,2023-10-18,2023,10,18
440,441,2022-06-13,2022,6,13
441,442,2023-10-18,2023,10,18
442,443,2022-06-13,2022,6,13
443,444,2024-06-12,2024,6,12
444,445,2024-06-12,2024,6,12
445,446,2024-06-12,2024,6,12
446,447,2024-06-12,2024,6,12
447,448,2022-06-27,2022,6,27
448,449,2022-06-27,2022,6,27
449,450,2021-02-18,2021,2,18
450,451,2021-02-18,2021,2,18
451,452,2021-02-18,2021,2,18
452,453,2023-05-29,2023,5,29
453,454,2021-06-04,2021,6,4
454,455,2024-01-22,2024,1,22
455,456,2022-12-27,2022,12,27
456,457,2024-01-22,2024,1,22
457,458,2022-12-27,2022,12,27
458,459,2024-01-22,2024,1,22
459,460,2022-12-27,2022,12,27
460,461,2024-03-30,2024,3,30
461,462,2020-04-04,2020,4,4
462,463,2020-04-04,2020,4,4
463,464,2020-04-04,2020,4,4
464,465,2023-01-22,2023,1,22
465,466,2022-04-12,2022,4,12
466,467,2023-12-13,2023,12,13
467,468,2023-01-22,2023,1,22
468,469,2022-04-12,2022,4,12
469,470,2023-12-13,2023,12,13
470,471,2023-05-24,2023,5,24
471,472,2020-11-29,2020,11,29
472,473,2021-03-24,2021,3,24
473,474,2021-03-24,2021,3,24
474,475,2020-08-19,2020,8,19
475,476,2022-10-20,2022,10,20
476,477,2023-09-20,2023,9,20
477,478,2024-12-26,2024,12,26
478,479,2023-09-20,2023,9,20
479,480,2024-12-26,2024,12,26
480,481,2021-12-03,2021,12,3
481,482,2021-12-03,2021,12,3
482,483,2021-09-14,2021,9,14
483,484,2021-09-30,2021,9,30
484,485,2021-12-22,2021,12,22
485,486,2021-12-22,2021,12,22
486,487,2021-12-22,2021,12,22
487,488,2022-05-18,2022,5,18
488,489,2020-10-08,2020,10,8
489,490,2020-10-08,2020,10,8
490,491,2022-08-20,2022,8,20
491,492,2024-11-25,2024,11,25
492,493,2022-08-20,2022,8,20
493,494,2024-11-25,2024,11,25
494,495,2020-09-30,2020,9,30
495,496,2025-02-20,2025,2,20
496,497,2022-03-20,2022,3,20
497,498,2020-09-30,2020,9,30
498,499,2025-02-20,2025,2,20
499,500,2022-03-20,2022,3,20
500,501,2025-03-07,2025,3,7
501,502,2025-03-07,2025,3,7
502,503,2025-03-07,2025,3,7
503,504,2024-06-16,2024,6,16
504,505,2020-11-21,2020,11,21
505,506,2024-10-01,2024,10,1
506,507,2024-07-01,2024,7,1
507,508,2024-06-16,2024,6,16
508,509,2020-11-21,2020,11,21
509,510,2024-10-01,2024,10,1
510,511,2024-07-01,2024,7,1
511,512,2020-11-23,2020,11,23
512,513,2023-03-18,2023,3,18
513,514,2022-10-19,2022,10,19
514,515,2023-08-31,2023,8,31
515,516,2021-06-06,2021,6,6
516,517,2022-12-21,2022,12,21
517,518,2022-12-21,2022,12,21
518,519,2024-02-12,2024,2,12
519,520,2022-12-05,2022,12,5
520,521,2022-12-05,2022,12,5
521,522,2021-04-04,2021,4,4
522,523,2021-02-12,2021,2,12
523,524,2022-12-27,2022,12,27
524,525,2024-01-19,2024,1,19
525,526,2021-02-12,2021,2,12
526,527,2022-12-27,2022,12,27
527,528,2024-01-19,2024,1,19
528,529,2022-12-25,2022,12,25
529,530,2022-12-25,2022,12,25
530,531,2022-12-25,2022,12,25
531,532,2022-10-06,2022,10,6
532,533,2020-04-27,2020,4,27
533,534,2024-05-13,2024,5,13
534,535,2020-04-27,2020,4,27
535,536,2024-05-13,2024,5,13
536,537,2020-10-23,2020,10,23
537,538,2020-10-23,2020,10,23
538,539,2020-10-23,2020,10,23
539,540,2021-06-11,2021,6,11
540,541,2021-09-08,2021,9,8
541,542,2022-11-23,2022,11,23
542,543,2022-10-31,2022,10,31
543,544,2023-11-06,2023,11,6
544,545,2023-11-12,2023,11,12
545,546,2023-06-26,2023,6,26
546,547,2023-09-30,2023,9,30
547,548,2023-06-26,2023,6,26
548,549,2023-09-30,2023,9,30
549,550,2020-09-12,2020,9,12
550,551,2020-09-12,2020,9,12
551,552,2020-11-27,2020,11,27
552,553,2022-08-25,2022,8,25
553,554,2023-08-23,2023,8,23
554,555,2023-10-11,2023,10,11
555,556,2022-04-21,2022,4,21
556,557,2023-09-14,2023,9,14
557,558,2020-04-29,2020,4,29
558,559,2020-12-15,2020,12,15
559,560,2023-09-14,2023,9,14
560,561,2020-04-29,2020,4,29
561,562,2020-12-15,2020,12,15
562,563,2024-07-11,2024,7,11
563,564,2024-09-21,2024,9,21
564,565,2025-02-02,2025,2,2
565,566,2022-10-21,2022,10,21
566,567,2020-10-21,2020,10,21
567,568,2022-10-21,2022,10,21
568,569,2020-10-21,2020,10,21
569,570,2022-10-21,2022,10,21
570,571,2020-10-21,2020,10,21
571,572,2022-01-11,2022,1,11
572,573,2021-02-17,2021,2,17
573,574,2022-01-11,2022,1,11
574,575,2021-02-17,2021,2,17
575,576,2021-11-06,2021,11,6
576,577,2022-08-30,2022,8,30
577,578,2022-10-07,2022,10,7
578,579,2022-10-07,2022,10,7
579,580,2023-06-04,2023,6,4
580,581,2023-06-04,2023,6,4
581,582,2023-06-04,2023,6,4
582,583,2022-05-13,2022,5,13
583,584,2023-01-23,2023,1,23
584,585,2021-07-25,2021,7,25
585,586,2025-03-08,2025,3,8
586,587,2022-12-25,2022,12,25
587,588,2022-12-25,2022,12,25
588,589,2022-12-25,2022,12,25
589,590,2024-04-24,2024,4,24
590,591,2021-12-24,2021,12,24
591,592,2023-09-07,2023,9,7
592,593,2021-08-10,2021,8,10
593,594,2024-05-26,2024,5,26
594,595,2022-02-19,2022,2,19
595,596,2024-12-09,2024,12,9
596,597,2023-06-01,2023,6,1
597,598,2023-11-05,2023,11,5
598,599,2020-06-21,2020,6,21
599,600,2020-10-26,2020,10,26
600,601,2022-06-06,2022,6,6
601,602,2021-11-13,2021,11,13
602,603,2022-06-06,2022,6,6
603,604,2021-11-13,2021,11,13
604,605,2021-11-11,2021,11,11
605,606,2021-11-11,2021,11,11
606,607,2021-07-31,2021,7,31
607,608,2021-07-31,2021,7,31
608,609,2024-04-13,2024,4,13
609,610,2022-04-19,2022,4,19
610,611,2024-03-23,2024,3,23
611,612,2021-05-07,2021,5,7
612,613,2021-05-07,2021,5,7
613,614,2022-05-06,2022,5,6
614,615,2021-08-09,2021,8,9
615,616,2025-02-09,2025,2,9
616,617,2024-04-23,2024,4,23
617,618,2023-02-23,2023,2,23
618,619,2024-06-06,2024,6,6
619,620,2023-02-23,2023,2,23
620,621,2024-06-06,2024,6,6
621,622,2025-01-27,2025,1,27
622,623,2023-04-07,2023,4,7
623,624,2022-01-20,2022,1,20
624,625,2022-05-10,2022,5,10
625,626,2024-05-29,2024,5,29
626,627,2022-01-04,2022,1,4
627,628,2024-05-02,2024,5,2
628,629,2021-12-28,2021,12,28
629,630,2022-12-12,2022,12,12
630,631,2023-08-17,2023,8,17
631,632,2021-11-29,2021,11,29
632,633,2023-08-17,2023,8,17
633,634,2021-11-29,2021,11,29
634,635,2021-06-13,2021,6,13
635,636,2022-07-04,2022,7,4
636,637,2022-07-04,2022,7,4
637,638,2021-06-27,2021,6,27
638,639,2021-06-27,2021,6,27
639,640,2023-12-04,2023,12,4
640,641,2023-12-04,2023,12,4
641,642,2022-08-09,2022,8,9
642,643,2020-04-08,2020,4,8
643,644,2020-04-08,2020,4,8
644,645,2023-10-20,2023,10,20
645,646,2022-02-10,2022,2,10
646,647,2023-10-05,2023,10,5
647,648,2022-02-10,2022,2,10
648,649,2023-10-05,2023,10,5
649,650,2022-09-22,2022,9,22
650,651,2021-04-03,2021,4,3
651,652,2021-05-03,2021,5,3
652,653,2024-02-11,2024,2,11
653,654,2025-02-04,2025,2,4
654,655,2022-10-12,2022,10,12
655,656,2022-10-12,2022,10,12
656,657,2022-02-06,2022,2,6
657,658,2020-11-09,2020,11,9
658,659,2023-05-03,2023,5,3
659,660,2022-10-04,2022,10,4
660,661,2024-08-21,2024,8,21
661,662,2021-11-20,2021,11,20
662,663,2020-05-13,2020,5,13
663,664,2023-02-28,2023,2,28
664,665,2023-02-28,2023,2,28
665,666,2021-01-21,2021,1,21
666,667,2022-02-28,2022,2,28
667,668,2021-01-21,2021,1,21
668,669,2022-02-28,2022,2,28
669,670,2024-04-25,2024,4,25
670,671,2023-03-10,2023,3,10
671,672,2023-07-10,2023,7,10
672,673,2024-04-25,2024,4,25
673,674,2023-03-10,2023,3,10
674,675,2023-07-10,2023,7,10
675,676,2024-07-28,2024,7,28
676,677,2024-07-28,2024,7,28
677,678,2023-07-30,2023,7,30
678,679,2023-07-30,2023,7,30
679,680,2023-07-30,2023,7,30
680,681,2024-10-05,2024,10,5
681,682,2024-10-05,2024,10,5
682,683,2024-02-20,2024,2,20
683,684,2024-02-20,2024,2,20
684,685,2023-04-19,2023,4,19
685,686,2023-10-29,2023,10,29
686,687,2022-03-08,2022,3,8
687,688,2022-12-08,2022,12,8
688,689,2022-03-08,2022,3,8
689,690,2022-12-08,2022,12,8
690,691,2022-03-08,2022,3,8
691,692,2022-12-08,2022,12,8
692,693,2022-03-08,2022,3,8
693,694,2022-12-08,2022,12,8
694,695,2024-07-27,2024,7,27
695,696,2022-07-05,2022,7,5
696,697,2024-07-04,2024,7,4
697,698,2024-02-28,2024,2,28
698,699,2025-01-03,2025,1,3
699,700,2021-12-07,2021,12,7
700,701,2021-12-14,2021,12,14
701,702,2020-11-30,2020,11,30
702,703,2021-12-14,2021,12,14
703,704,2020-11-30,2020,11,30
704,705,2021-12-29,2021,12,29
705,706,2021-12-29,2021,12,29
706,707,2024-07-08,2024,7,8
707,708,2021-02-10,2021,2,10
708,709,2020-10-21,2020,10,21
709,710,2023-04-17,2023,4,17
710,711,2020-10-21,2020,10,21
711,712,2023-12-28,2023,12,28
712,713,2023-12-28,2023,12,28
713,714,2022-12-23,2022,12,23
714,715,2022-08-10,2022,8,10
715,716,2022-12-23,2022,12,23
716,717,2022-08-10,2022,8,10
717,718,2023-10-17,2023,10,17
718,719,2022-02-28,2022,2,28
719,720,2024-05-24,2024,5,24
720,721,2020-10-02,2020,10,2
721,722,2020-10-02,2020,10,2
722,723,2024-02-10,2024,2,10
723,724,2021-02-06,2021,2,6
724,725,2022-03-16,2022,3,16
725,726,2020-05-24,2020,5,24
726,727,2025-02-16,2025,2,16
727,728,2021-11-16,2021,11,16
728,729,2024-09-08,2024,9,8
729,730,2020-05-24,2020,5,24
730,731,2025-02-16,2025,2,16
731,732,2021-11-16,2021,11,16
732,733,2024-09-08,2024,9,8
733,734,2022-06-29,2022,6,29
734,735,2022-06-29,2022,6,29
735,736,2022-06-29,2022,6,29
736,737,2022-11-03,2022,11,3
737,738,2023-11-28,2023,11,28
738,739,2020-04-25,2020,4,25
739,740,2022-01-18,2022,1,18
740,741,2022-01-18,2022,1,18
741,742,2022-01-18,2022,1,18
742,743,2022-01-18,2022,1,18
743,744,2022-03-23,2022,3,23
744,745,2020-06-24,2020,6,24
745,746,2022-12-23,2022,12,23
746,747,2024-11-24,2024,11,24
747,748,2020-11-06,2020,11,6
748,749,2023-10-24,2023,10,24
749,750,2022-03-23,2022,3,23
750,751,2020-06-24,2020,6,24
751,752,2022-12-23,2022,12,23
752,753,2024-11-24,2024,11,24
753,754,2020-11-06,2020,11,6
754,755,2023-10-24,2023,10,24
755,756,2023-07-18,2023,7,18
756,757,2022-05-16,2022,5,16
757,758,2023-07-18,2023,7,18
758,759,2022-05-16,2022,5,16
759,760,2024-06-16,2024,6,16
760,761,2021-10-23,2021,10,23
761,762,2022-10-22,2022,10,22
762,763,2023-07-17,2023,7,17
763,764,2025-02-24,2025,2,24
764,765,2025-02-24,2025,2,24
765,766,2021-03-07,2021,3,7
766,767,2021-01-03,2021,1,3
767,768,2023-05-03,2023,5,3
768,769,2023-10-25,2023,10,25
769,770,2022-08-21,2022,8,21
770,771,2022-04-16,2022,4,16
771,772,2023-04-02,2023,4,2
772,773,2024-10-21,2024,10,21
773,774,2024-10-21,2024,10,21
774,775,2021-07-09,2021,7,9
775,776,2022-04-08,2022,4,8
776,777,2022-04-30,2022,4,30
777,778,2023-01-20,2023,1,20
778,779,2024-11-17,2024,11,17
779,780,2022-04-23,2022,4,23
780,781,2025-02-18,2025,2,18
781,782,2021-05-27,2021,5,27
782,783,2022-01-17,2022,1,17
783,784,2025-01-15,2025,1,15
784,785,2021-02-14,2021,2,14
785,786,2024-08-31,2024,8,31
786,787,2022-12-26,2022,12,26
787,788,2024-03-21,2024,3,21
788,789,2020-12-15,2020,12,15
789,790,2023-03-21,2023,3,21
790,791,2023-06-08,2023,6,8
791,792,2022-07-17,2022,7,17
792,793,2024-12-05,2024,12,5
793,794,2022-07-17,2022,7,17
794,795,2024-12-05,2024,12,5
795,796,2023-11-02,2023,11,2
796,797,2024-10-05,2024,10,5
797,798,2022-11-13,2022,11,13
798,799,2022-12-28,2022,12,28
799,800,2025-02-26,2025,2,26
800,801,2022-11-12,2022,11,12
801,802,2022-11-12,2022,11,12
802,803,2021-06-07,2021,6,7
803,804,2020-09-26,2020,9,26
804,805,2024-04-29,2024,4,29
805,806,2024-04-29,2024,4,29
806,807,2024-04-29,2024,4,29
807,808,2024-04-10,2024,4,10
808,809,2023-12-21,2023,12,21
809,810,2024-05-02,2024,5,2
810,811,2024-11-21,2024,11,21
811,812,2022-03-17,2022,3,17
812,813,2023-05-14,2023,5,14
813,814,2024-10-07,2024,10,7
814,815,2020-09-08,2020,9,8
815,816,2021-08-19,2021,8,19
816,817,2022-10-12,2022,10,12
817,818,2020-05-23,2020,5,23
818,819,2020-04-18,2020,4,18
819,820,2022-10-12,2022,10,12
820,821,2020-05-23,2020,5,23
821,822,2020-04-18,2020,4,18
822,823,2022-06-04,2022,6,4
823,824,2022-06-04,2022,6,4
824,825,2022-11-16,2022,11,16
825,826,2024-07-18,2024,7,18
826,827,2023-07-16,2023,7,16
827,828,2020-08-10,2020,8,10
828,829,2024-06-22,2024,6,22
829,830,2020-07-13,2020,7,13
830,831,2024-04-16,2024,4,16
831,832,2021-03-13,2021,3,13
832,833,2023-04-01,2023,4,1
833,834,2020-11-10,2020,11,10
834,835,2023-06-08,2023,6,8
835,836,2021-08-17,2021,8,17
836,837,2020-05-24,2020,5,24
837,838,2021-08-12,2021,8,12
838,839,2022-09-03,2022,9,3
839,840,2020-10-01,2020,10,1
840,841,2022-05-27,2022,5,27
841,842,2022-05-27,2022,5,27
842,843,2024-03-10,2024,3,10
843,844,2023-10-05,2023,10,5
844,845,2024-03-10,2024,3,10
845,846,2023-10-05,2023,10,5
846,847,2022-08-28,2022,8,28
847,848,2020-09-08,2020,9,8
848,849,2021-04-27,2021,4,27
849,850,2021-08-21,2021,8,21
850,851,2021-05-16,2021,5,16
851,852,2021-08-21,2021,8,21
852,853,2021-05-16,2021,5,16
853,854,2022-01-15,2022,1,15
854,855,2023-03-21,2023,3,21
855,856,2023-12-28,2023,12,28
856,857,2022-02-15,2022,2,15
857,858,2023-11-30,2023,11,30
858,859,2023-01-12,2023,1,12
859,860,2023-05-19,2023,5,19
860,861,2023-01-12,2023,1,12
861,862,2023-05-19,2023,5,19
862,863,2024-02-19,2024,2,19
863,864,2021-12-01,2021,12,1
864,865,2021-12-01,2021,12,1
865,866,2024-12-19,2024,12,19
866,867,2023-01-18,2023,1,18
867,868,2020-12-23,2020,12,23
868,869,2021-02-28,2021,2,28
869,870,2023-05-04,2023,5,4
870,871,2020-04-22,2020,4,22
871,872,2021-08-13,2021,8,13
872,873,2023-05-04,2023,5,4
873,874,2020-04-22,2020,4,22
874,875,2021-08-13,2021,8,13
875,876,2023-07-20,2023,7,20
876,877,2022-08-28,2022,8,28
877,878,2023-03-14,2023,3,14
878,879,2023-11-07,2023,11,7
879,880,2024-04-16,2024,4,16
880,881,2023-11-07,2023,11,7
881,882,2024-04-16,2024,4,16
882,883,2022-09-16,2022,9,16
883,884,2024-10-31,2024,10,31
884,885,2024-11-25,2024,11,25
885,886,2021-10-29,2021,10,29
886,887,2023-12-27,2023,12,27
887,888,2023-06-25,2023,6,25
888,889,2020-09-01,2020,9,1
889,890,2025-02-01,2025,2,1
890,891,2023-07-22,2023,7,22
891,892,2022-02-04,2022,2,4
892,893,2023-09-27,2023,9,27
893,894,2025-01-30,2025,1,30
894,895,2023-09-27,2023,9,27
895,896,2025-01-30,2025,1,30
896,897,2023-09-27,2023,9,27
897,898,2025-01-30,2025,1,30
898,899,2025-01-15,2025,1,15
899,900,2021-03-28,2021,3,28
900,901,2021-12-25,2021,12,25
901,902,2023-02-03,2023,2,3
902,903,2023-04-28,2023,4,28
903,904,2024-11-22,2024,11,22
904,905,2023-02-03,2023,2,3
905,906,2023-04-28,2023,4,28
906,907,2024-11-22,2024,11,22
907,908,2024-07-02,2024,7,2
908,909,2024-07-02,2024,7,2
909,910,2022-01-18,2022,1,18
910,911,2024-10-08,2024,10,8
911,912,2024-10-08,2024,10,8
912,913,2020-06-21,2020,6,21
913,914,2023-12-14,2023,12,14
914,915,2020-12-16,2020,12,16
915,916,2025-03-15,2025,3,15
916,917,2024-08-21,2024,8,21
917,918,2024-08-21,2024,8,21
918,919,2021-05-27,2021,5,27
919,920,2020-09-21,2020,9,21
920,921,2025-01-11,2025,1,11
921,922,2021-10-20,2021,10,20
922,923,2021-10-20,2021,10,20
923,924,2021-10-19,2021,10,19
924,925,2024-07-07,2024,7,7
925,926,2023-07-25,2023,7,25
926,927,2020-04-16,2020,4,16
927,928,2020-07-04,2020,7,4
928,929,2022-05-16,2022,5,16
929,930,2022-05-16,2022,5,16
930,931,2023-11-25,2023,11,25
931,932,2021-08-17,2021,8,17
932,933,2023-07-02,2023,7,2
933,934,2020-08-24,2020,8,24
934,935,2022-11-07,2022,11,7
935,936,2024-03-27,2024,3,27
936,937,2024-09-01,2024,9,1
937,938,2022-02-22,2022,2,22
938,939,2024-03-27,2024,3,27
939,940,2024-09-01,2024,9,1
940,941,2022-02-22,2022,2,22
941,942,2022-02-11,2022,2,11
942,943,2022-02-11,2022,2,11
943,944,2022-02-11,2022,2,11
944,945,2021-05-27,2021,5,27
945,946,2023-07-05,2023,7,5
946,947,2020-10-27,2020,10,27
947,948,2021-05-27,2021,5,27
948,949,2023-07-05,2023,7,5
949,950,2020-10-27,2020,10,27
950,951,2023-01-26,2023,1,26
951,952,2021-09-06,2021,9,6
952,953,2021-11-12,2021,11,12
953,954,2024-07-30,2024,7,30
954,955,2022-03-15,2022,3,15
955,956,2024-03-15,2024,3,15
956,957,2020-11-10,2020,11,10
957,958,2024-03-15,2024,3,15
958,959,2020-11-10,2020,11,10
959,960,2022-07-23,2022,7,23
960,961,2024-09-13,2024,9,13
961,962,2024-09-13,2024,9,13
962,963,2022-01-25,2022,1,25
963,964,2021-04-19,2021,4,19
964,965,2021-07-18,2021,7,18
965,966,2022-06-24,2022,6,24
966,967,2024-06-08,2024,6,8
967,968,2022-06-24,2022,6,24
968,969,2024-06-08,2024,6,8
969,970,2022-06-24,2022,6,24
970,971,2024-06-08,2024,6,8
971,972,2022-09-29,2022,9,29
972,973,2023-05-10,2023,5,10
973,974,2020-05-02,2020,5,2
974,975,2021-04-12,2021,4,12
975,976,2023-11-04,2023,11,4
976,977,2020-05-04,2020,5,4
977,978,2023-09-10,2023,9,10
978,979,2024-01-05,2024,1,5
979,980,2024-05-08,2024,5,8
980,981,2024-03-30,2024,3,30
981,982,2020-09-10,2020,9,10
982,983,2020-09-10,2020,9,10
983,984,2020-07-12,2020,7,12
984,985,2022-12-08,2022,12,8
985,986,2024-03-27,2024,3,27
986,987,2023-02-17,2023,2,17
987,988,2021-07-21,2021,7,21
988,989,2020-07-12,2020,7,12
989,990,2022-12-08,2022,12,8
990,991,2024-03-27,2024,3,27
991,992,2023-02-17,2023,2,17
992,993,2021-07-21,2021,7,21
993,994,2022-10-30,2022,10,30
994,995,2020-12-31,2020,12,31
995,996,2022-04-15,2022,4,15
996,997,2023-04-05,2023,4,5
997,998,2020-12-31,2020,12,31
998,999,2022-04-15,2022,4,15
999,1000,2023-04-05,2023,4,5
1000,1001,2020-12-31,2020,12,31
1001,1002,2022-04-15,2022,4,15
1002,1003,2023-04-05,2023,4,5
1003,1004,2021-10-29,2021,10,29
1004,1005,2024-12-29,2024,12,29
1005,1006,2020-08-11,2020,8,11
1006,1007,2024-03-04,2024,3,4
1007,1008,2023-10-17,2023,10,17
1008,1009,2023-07-28,2023,7,28
1009,1010,2021-11-27,2021,11,27
1010,1011,2021-11-27,2021,11,27
1011,1012,2020-09-09,2020,9,9
1012,1013,2021-06-02,2021,6,2
1013,1014,2022-08-22,2022,8,22
1014,1015,2024-04-16,2024,4,16
1015,1016,2022-08-23,2022,8,23
1016,1017,2021-03-12,2021,3,12
1017,1018,2024-06-26,2024,6,26
1018,1019,2023-12-08,2023,12,8
1019,1020,2024-11-27,2024,11,27
1020,1021,2022-01-10,2022,1,10
1021,1022,2021-11-01,2021,11,1
1022,1023,2023-10-28,2023,10,28
1023,1024,2025-03-01,2025,3,1
1024,1025,2023-10-28,2023,10,28
1025,1026,2025-03-01,2025,3,1
1026,1027,2024-08-01,2024,8,1
1027,1028,2023-06-07,2023,6,7
1028,1029,2024-10-21,2024,10,21
1029,1030,2021-01-04,2021,1,4
1030,1031,2022-04-19,2022,4,19
1031,1032,2022-08-11,2022,8,11
1032,1033,2023-08-04,2023,8,4
1033,1034,2020-04-25,2020,4,25
1034,1035,2020-04-25,2020,4,25
1035,1036,2024-12-14,2024,12,14
1036,1037,2022-07-25,2022,7,25
1037,1038,2022-05-07,2022,5,7
1038,1039,2022-08-11,2022,8,11
1039,1040,2022-08-12,2022,8,12
1040,1041,2022-08-11,2022,8,11
1041,1042,2022-08-12,2022,8,12
1042,1043,2023-08-21,2023,8,21
1043,1044,2022-09-12,2022,9,12
1044,1045,2023-08-20,2023,8,20
1045,1046,2020-12-27,2020,12,27
1046,1047,2023-09-04,2023,9,4
1047,1048,2022-01-08,2022,1,8
1048,1049,2023-06-05,2023,6,5
1049,1050,2021-04-01,2021,4,1
1050,1051,2024-05-28,2024,5,28
1051,1052,2021-04-01,2021,4,1
1052,1053,2024-05-28,2024,5,28
1053,1054,2023-03-09,2023,3,9
1054,1055,2022-07-28,2022,7,28
1055,1056,2021-06-17,2021,6,17
1056,1057,2024-02-13,2024,2,13
1057,1058,2021-08-06,2021,8,6
1058,1059,2022-05-01,2022,5,1
1059,1060,2022-05-01,2022,5,1
1060,1061,2024-03-11,2024,3,11
1061,1062,2020-07-06,2020,7,6
1062,1063,2020-12-17,2020,12,17
1063,1064,2022-08-30,2022,8,30
1064,1065,2025-02-27,2025,2,27
1065,1066,2021-06-05,2021,6,5
1066,1067,2022-12-22,2022,12,22
1067,1068,2025-01-25,2025,1,25
1068,1069,2025-02-14,2025,2,14
1069,1070,2023-01-06,2023,1,6
1070,1071,2020-10-11,2020,10,11
1071,1072,2023-05-24,2023,5,24
1072,1073,2024-03-12,2024,3,12
1073,1074,2024-03-17,2024,3,17
1074,1075,2022-05-17,2022,5,17
1075,1076,2020-12-21,2020,12,21
1076,1077,2021-08-24,2021,8,24
1077,1078,2022-10-22,2022,10,22
1078,1079,2024-02-21,2024,2,21
1079,1080,2022-10-31,2022,10,31
1080,1081,2022-05-15,2022,5,15
1081,1082,2022-07-22,2022,7,22
1082,1083,2021-12-13,2021,12,13
1083,1084,2021-06-03,2021,6,3
1084,1085,2025-02-24,2025,2,24
1085,1086,2023-02-02,2023,2,2
1086,1087,2021-12-31,2021,12,31
1087,1088,2024-06-15,2024,6,15
1088,1089,2022-06-05,2022,6,5
1089,1090,2020-05-11,2020,5,11
1090,1091,2024-02-11,2024,2,11
1091,1092,2020-11-25,2020,11,25
1092,1093,2023-08-12,2023,8,12
1093,1094,2022-05-06,2022,5,6
1094,1095,2024-01-17,2024,1,17
1095,1096,2021-11-24,2021,11,24
1096,1097,2021-10-06,2021,10,6
1097,1098,2025-01-27,2025,1,27
1098,1099,2022-05-23,2022,5,23
1099,1100,2023-11-28,2023,11,28
1100,1101,2023-01-18,2023,1,18
1101,1102,2021-09-06,2021,9,6
1102,1103,2021-09-06,2021,9,6
1103,1104,2021-02-22,2021,2,22
1104,1105,2021-10-06,2021,10,6
1105,1106,2020-06-07,2020,6,7
1106,1107,2024-05-21,2024,5,21
1107,1108,2020-08-05,2020,8,5
1108,1109,2020-10-15,2020,10,15
1109,1110,2021-05-15,2021,5,15
1110,1111,2022-01-13,2022,1,13
1111,1112,2023-07-18,2023,7,18
1112,1113,2022-12-08,2022,12,8
1113,1114,2023-04-17,2023,4,17
1114,1115,2020-06-23,2020,6,23
1115,1116,2022-01-20,2022,1,20
1116,1117,2023-11-18,2023,11,18
1117,1118,2022-01-19,2022,1,19
1118,1119,2020-09-21,2020,9,21
1119,1120,2020-09-21,2020,9,21
1120,1121,2021-06-11,2021,6,11
1121,1122,2024-08-07,2024,8,7
1122,1123,2022-07-26,2022,7,26
1123,1124,2024-01-13,2024,1,13
1124,1125,2024-01-13,2024,1,13
1125,1126,2021-05-28,2021,5,28
1126,1127,2021-06-13,2021,6,13
1127,1128,2023-04-25,2023,4,25
1128,1129,2021-07-05,2021,7,5
1129,1130,2024-10-12,2024,10,12
1130,1131,2021-10-04,2021,10,4
1131,1132,2024-02-07,2024,2,7
1132,1133,2021-03-05,2021,3,5
1133,1134,2023-06-25,2023,6,25
1134,1135,2021-08-02,2021,8,2
1135,1136,2022-03-17,2022,3,17
1136,1137,2024-02-07,2024,2,7
1137,1138,2022-08-19,2022,8,19
1138,1139,2024-09-19,2024,9,19
1139,1140,2020-04-05,2020,4,5
1140,1141,2023-03-10,2023,3,10
1141,1142,2020-08-10,2020,8,10
1142,1143,2020-04-29,2020,4,29
1143,1144,2023-03-16,2023,3,16
1144,1145,2020-05-04,2020,5,4
1145,1146,2020-05-04,2020,5,4
1146,1147,2024-10-15,2024,10,15
1147,1148,2022-06-09,2022,6,9
1148,1149,2020-07-04,2020,7,4
1149,1150,2023-04-09,2023,4,9
1150,1151,2023-11-24,2023,11,24
1151,1152,2023-11-29,2023,11,29
1152,1153,2024-05-20,2024,5,20
1153,1154,2024-05-21,2024,5,21
1154,1155,2021-12-07,2021,12,7
1155,1156,2025-01-06,2025,1,6
1156,1157,2022-07-13,2022,7,13
1157,1158,2020-04-19,2020,4,19
1158,1159,2024-11-14,2024,11,14
1159,1160,2020-04-18,2020,4,18
1160,1161,2023-10-18,2023,10,18
1161,1162,2021-03-21,2021,3,21
1162,1163,2024-09-13,2024,9,13
1163,1164,2023-05-04,2023,5,4
1164,1165,2023-05-31,2023,5,31
1165,1166,2024-06-15,2024,6,15
1166,1167,2021-04-03,2021,4,3
1167,1168,2025-01-14,2025,1,14
1168,1169,2020-12-24,2020,12,24
1169,1170,2022-10-07,2022,10,7
1170,1171,2021-10-05,2021,10,5
1171,1172,2024-12-28,2024,12,28
1172,1173,2022-05-14,2022,5,14
1173,1174,2023-08-19,2023,8,19
1174,1175,2023-07-14,2023,7,14
1175,1176,2023-06-22,2023,6,22
1176,1177,2023-03-21,2023,3,21
1177,1178,2020-12-13,2020,12,13
1178,1179,2024-05-29,2024,5,29
1179,1180,2021-05-25,2021,5,25
1180,1181,2024-04-02,2024,4,2
1181,1182,2022-12-03,2022,12,3
1182,1183,2021-07-12,2021,7,12
1183,1184,2020-03-22,2020,3,22
1184,1185,2020-08-09,2020,8,9
1185,1186,2022-02-18,2022,2,18
1186,1187,2021-06-14,2021,6,14
1187,1188,2021-03-01,2021,3,1
1188,1189,2023-09-23,2023,9,23
1189,1190,2024-07-31,2024,7,31
1190,1191,2020-06-02,2020,6,2
1191,1192,2022-12-15,2022,12,15
1192,1193,2020-08-07,2020,8,7
1193,1194,2024-10-26,2024,10,26
