,order_id,amount,profit,quantity,product_id,customer_id,date_id,payment_id
0,1,9726,1275,5,2,587,1000,1
1,2,9726,1275,5,8,554,357,4
2,3,9726,1275,5,9,371,870,5
3,4,4975,1330,14,1,557,899,4
4,5,4975,1330,14,9,334,92,3
5,6,4975,1330,14,4,448,117,1
6,7,1525,185,12,10,1145,819,1
7,8,1525,185,12,7,135,1162,2
8,9,883,117,10,2,1120,986,5
9,10,8127,3551,16,9,1077,922,1
10,11,2516,734,19,8,262,982,4
11,12,2975,462,14,5,842,122,2
12,13,6851,2812,1,7,341,163,4
13,14,7626,1046,15,12,167,1089,4
14,15,1023,78,9,9,921,1111,4
15,16,7600,1098,10,9,436,48,3
16,17,7501,262,18,5,512,677,5
17,18,725,133,6,10,344,561,3
18,19,7201,2685,2,6,30,577,4
19,20,1629,265,1,3,226,1176,1
20,21,1629,265,1,6,505,6,5
21,22,8971,2971,19,10,410,843,1
22,23,2939,894,20,6,1079,996,2
23,24,9380,414,11,5,534,519,2
24,25,8558,1644,18,11,286,181,5
25,26,4080,72,17,4,1168,978,4
26,27,4206,1821,17,2,507,1191,2
27,28,5219,1180,20,10,1047,538,3
28,29,5219,1180,20,8,536,873,4
29,30,3686,760,20,2,430,11,2
30,31,3686,760,20,5,758,197,2
31,32,6045,1606,4,7,308,633,3
32,33,9337,554,11,6,136,264,5
33,34,4051,1848,12,5,785,437,2
34,35,4051,1848,12,1,144,211,4
35,36,5011,866,11,12,134,436,5
36,37,5011,866,11,11,1008,194,2
37,38,3958,630,15,7,1193,823,4
38,39,3132,963,1,10,753,1032,3
39,40,7784,2937,12,10,92,734,5
40,41,5591,1696,3,9,678,777,5
41,42,5122,2413,12,10,938,647,1
42,43,8293,2632,8,7,1033,117,2
43,44,8293,2632,8,11,755,545,1
44,45,8293,2632,8,2,193,1118,1
45,46,2863,205,17,6,467,1092,5
46,47,2863,205,17,3,307,1105,1
47,48,2863,205,17,3,658,402,1
48,49,3090,573,6,7,1178,586,5
49,50,3090,573,6,4,757,108,2
50,51,3090,573,6,11,706,91,4
51,52,3090,573,6,10,361,845,1
52,53,9683,1014,5,10,459,253,3
53,54,9683,1014,5,1,1013,150,4
54,55,9683,1014,5,3,443,304,4
55,56,9683,1014,5,9,1021,136,1
56,57,2463,648,18,5,213,854,3
57,58,7811,1538,12,3,366,533,5
58,59,6139,451,10,9,248,883,3
59,60,6139,451,10,6,1009,390,3
60,61,8636,3192,3,2,745,456,5
61,62,8636,3192,3,4,972,776,4
62,63,4439,1712,19,7,640,316,3
63,64,4439,1712,19,10,231,122,4
64,65,1016,172,20,4,1174,739,1
65,66,5768,2059,14,5,314,793,5
66,67,1217,151,3,7,276,156,5
67,68,953,93,2,2,449,128,5
68,69,953,93,2,10,968,557,3
69,70,7355,1034,3,1,990,575,4
70,71,7355,1034,3,1,378,136,5
71,72,1843,248,3,1,477,259,2
72,73,1843,248,3,3,1019,306,5
73,74,1603,361,10,1,115,517,1
74,75,1603,361,10,12,97,948,5
75,76,2025,528,1,10,265,110,5
76,77,6800,167,16,12,396,901,3
77,78,1126,55,1,10,209,422,3
78,79,1126,55,1,4,613,865,2
79,80,7533,3508,12,8,348,633,1
80,81,4734,1178,16,10,944,368,3
81,82,4074,1175,6,11,204,872,4
82,83,2334,484,3,3,410,1142,3
83,84,2750,1239,11,4,770,230,2
84,85,2750,1239,11,1,398,110,3
85,86,8639,3104,19,6,242,813,4
86,87,8639,3104,19,11,668,184,1
87,88,3808,1192,4,5,927,1150,5
88,89,2588,705,16,3,924,716,5
89,90,1591,727,5,9,736,850,2
90,91,1591,727,5,11,130,589,4
91,92,1591,727,5,7,837,178,3
92,93,1757,622,10,6,244,586,1
93,94,1757,622,10,1,908,1116,2
94,95,6940,253,15,4,118,1129,1
95,96,5105,465,5,3,203,1123,5
96,97,5578,277,16,3,582,555,2
97,98,5578,277,16,6,596,1049,1
98,99,5224,1958,16,12,376,838,4
99,100,5002,1801,11,8,771,1102,1
100,101,7380,1673,18,2,1117,138,5
101,102,7595,2873,4,9,806,870,3
102,103,7595,2873,4,9,445,712,4
103,104,1954,294,7,9,655,564,5
104,105,523,95,20,1,643,1008,5
105,106,5704,714,13,7,979,713,5
106,107,5704,714,13,12,1018,1147,5
107,108,8797,1010,8,2,530,875,1
108,109,8797,1010,8,5,822,480,2
109,110,9236,2899,5,1,628,379,2
110,111,9236,2899,5,9,1021,796,1
111,112,9109,586,17,1,215,592,1
112,113,4358,526,19,12,455,1176,4
113,114,4358,526,19,11,626,26,5
114,115,6459,825,8,10,516,383,1
115,116,6459,825,8,8,141,796,3
116,117,2478,92,12,8,17,247,4
117,118,2478,92,12,11,916,356,5
118,119,2478,92,12,1,825,908,4
119,120,2478,92,12,6,832,1024,2
120,121,9992,3696,20,6,1099,956,1
121,122,9992,3696,20,10,554,1010,1
122,123,9992,3696,20,1,503,304,2
123,124,9619,3420,7,7,31,195,4
124,125,9619,3420,7,4,961,1129,4
125,126,9619,3420,7,1,631,101,3
126,127,9538,3158,20,9,1015,415,3
127,128,9538,3158,20,9,738,229,1
128,129,9035,1227,14,6,271,505,4
129,130,9035,1227,14,10,692,1068,4
130,131,2684,670,2,6,1022,546,3
131,132,822,147,5,8,386,1015,2
132,133,9730,2341,2,9,300,604,4
133,134,2483,236,2,1,397,184,1
134,135,1297,600,7,9,365,1046,4
135,136,7909,1942,19,11,1166,320,3
136,137,9768,4518,8,11,753,359,2
137,138,4968,934,5,1,988,548,3
138,139,1731,149,4,2,3,332,3
139,140,3433,1169,10,6,1120,349,1
140,141,3433,1169,10,6,900,1080,3
141,142,3433,1169,10,6,785,408,3
142,143,3887,1490,1,9,26,860,2
143,144,3887,1490,1,8,1148,511,3
144,145,3887,1490,1,12,221,353,1
145,146,1801,641,20,4,1105,668,3
146,147,5301,817,10,11,629,880,4
147,148,1166,520,12,2,1058,444,5
148,149,3196,1411,15,9,37,1088,1
149,150,3428,350,1,3,965,1008,4
150,151,7223,2433,12,2,636,849,2
151,152,3731,647,1,5,120,539,5
152,153,8903,4401,18,7,722,190,1
153,154,6009,2107,7,12,245,350,5
154,155,6009,2107,7,2,1151,342,2
155,156,2858,230,3,2,993,114,5
156,157,2858,230,3,12,748,1107,5
157,158,8175,525,7,10,202,1096,1
158,159,8175,525,7,9,127,53,1
159,160,5846,586,18,4,785,980,5
160,161,5846,586,18,7,748,1102,2
161,162,706,197,11,4,325,799,1
162,163,9835,2571,16,3,1120,179,4
163,164,9835,2571,16,9,1016,554,1
164,165,9835,2571,16,6,545,73,2
165,166,9691,3056,13,4,356,979,1
166,167,9691,3056,13,12,385,957,4
167,168,9691,3056,13,10,967,959,4
168,169,7826,1221,14,2,1021,1003,1
169,170,7826,1221,14,4,598,751,2
170,171,7826,1221,14,1,1075,220,1
171,172,770,241,11,9,562,1097,4
172,173,770,241,11,1,1050,373,2
173,174,9895,1598,20,3,337,680,4
174,175,6517,1581,10,3,952,343,5
175,176,6517,1581,10,8,1167,334,3
176,177,1166,349,11,4,1128,127,5
177,178,1166,349,11,10,834,625,3
178,179,9820,793,16,11,779,631,4
179,180,8563,2624,8,7,260,146,4
180,181,4441,281,20,10,881,702,5
181,182,7340,2271,8,2,90,284,1
182,183,5442,1610,1,4,747,126,3
183,184,1895,391,14,12,329,540,1
184,185,5323,322,13,11,1058,74,4
185,186,8850,279,13,12,488,111,1
186,187,8667,1266,6,1,530,497,5
187,188,6903,105,1,3,190,816,1
188,189,8793,3010,7,5,470,1047,2
189,190,9883,4812,16,3,832,415,5
190,191,9883,4812,16,12,147,173,3
191,192,9883,4812,16,5,1169,413,5
192,193,5210,1185,7,12,452,570,4
193,194,5210,1185,7,1,272,556,4
194,195,5210,1185,7,8,708,85,5
195,196,3574,851,4,12,256,440,1
196,197,576,76,13,9,148,1176,5
197,198,1860,457,13,7,362,81,4
198,199,782,374,8,3,220,793,4
199,200,4371,1852,1,3,70,254,1
200,201,8346,1176,1,3,137,877,4
201,202,8346,1176,1,12,733,311,3
202,203,8346,1176,1,6,617,44,5
203,204,6218,1125,5,3,63,686,1
204,205,6218,1125,5,12,764,1008,3
205,206,6218,1125,5,9,525,531,5
206,207,5167,253,14,10,1040,568,2
207,208,5167,253,14,2,1045,283,4
208,209,5167,253,14,8,597,404,3
209,210,2799,1239,5,6,344,551,1
210,211,2799,1239,5,5,281,346,1
211,212,2799,1239,5,5,87,427,2
212,213,3234,1029,20,11,894,199,2
213,214,4920,775,12,7,1057,720,3
214,215,9078,2213,15,7,354,777,4
215,216,8586,3826,7,6,252,842,3
216,217,8586,3826,7,2,956,429,1
217,218,5047,2211,13,5,264,954,2
218,219,5047,2211,13,5,277,598,4
219,220,5047,2211,13,10,94,768,5
220,221,5047,2211,13,1,269,489,2
221,222,3657,163,1,12,140,360,2
222,223,6471,2842,18,10,519,72,3
223,224,949,301,9,10,960,235,1
224,225,6823,771,6,8,586,235,1
225,226,4364,831,2,5,475,946,4
226,227,6671,2797,10,12,689,661,2
227,228,7472,1037,3,9,488,40,5
228,229,9548,1806,9,8,532,1063,1
229,230,7759,3741,17,10,1061,200,3
230,231,7759,3741,17,10,641,1137,1
231,232,7521,3457,16,2,686,473,4
232,233,7521,3457,16,3,82,336,1
233,234,9704,4339,12,10,225,1012,4
234,235,4948,2356,18,10,244,1100,1
235,236,6435,334,10,6,808,984,2
236,237,9965,3033,16,12,1026,788,2
237,238,9965,3033,16,6,47,72,3
238,239,1523,234,3,6,681,325,3
239,240,9073,424,7,2,392,658,2
240,241,6447,3079,20,11,1127,455,5
241,242,8947,2807,6,5,879,923,2
242,243,914,400,8,8,615,872,2
243,244,1548,666,3,1,11,1170,1
244,245,2759,1149,6,4,66,492,5
245,246,1341,615,4,5,407,242,4
246,247,9851,2669,19,3,1133,26,1
247,248,9851,2669,19,7,1055,969,2
248,249,9851,2669,19,9,434,90,1
249,250,9989,3930,14,2,136,677,3
250,251,9989,3930,14,5,630,869,1
251,252,9989,3930,14,6,652,505,5
252,253,7421,958,10,9,633,596,2
253,254,7421,958,10,8,779,130,1
254,255,7421,958,10,10,164,500,1
255,256,3099,479,1,2,724,36,3
256,257,2521,906,7,6,523,176,4
257,258,6962,3429,12,10,770,1026,2
258,259,6962,3429,12,11,606,1167,5
259,260,1085,301,20,2,1082,174,3
260,261,738,342,2,7,239,423,1
261,262,738,342,2,2,15,453,5
262,263,738,342,2,5,913,210,1
263,264,738,342,2,5,1119,857,3
264,265,1366,242,17,6,806,849,5
265,266,1518,155,13,1,601,1114,4
266,267,2962,1470,1,5,1046,159,1
267,268,2962,1470,1,4,50,1113,4
268,269,7131,718,12,11,18,1164,2
269,270,7131,718,12,11,1007,595,4
270,271,4200,855,10,12,170,104,1
271,272,4200,855,10,6,256,90,4
272,273,5934,1563,2,2,379,538,5
273,274,2701,322,11,11,767,551,2
274,275,7273,2702,18,8,618,561,2
275,276,2465,699,18,1,936,400,3
276,277,3479,1087,2,8,1021,6,3
277,278,5457,1765,7,4,193,480,2
278,279,4957,1152,8,5,607,488,1
279,280,4404,858,17,9,793,566,2
280,281,8776,2529,15,8,1004,250,2
281,282,9536,1437,9,7,486,644,4
282,283,2225,589,7,6,27,395,3
283,284,9574,4045,19,4,853,496,3
284,285,4382,482,17,11,453,1123,2
285,286,8200,257,19,4,189,934,5
286,287,9316,3003,13,7,862,378,1
287,288,6379,3128,15,6,399,164,5
288,289,3348,568,5,8,699,739,2
289,290,3348,568,5,2,660,640,4
290,291,8856,2020,9,12,14,1017,5
291,292,8856,2020,9,9,251,610,3
292,293,1760,619,16,7,404,1080,1
293,294,1760,619,16,1,1084,710,3
294,295,6351,986,15,5,920,1049,5
295,296,6351,986,15,6,138,1024,3
296,297,869,373,14,6,465,3,2
297,298,869,373,14,9,616,972,5
298,299,1486,114,7,12,1133,157,3
299,300,1486,114,7,12,842,587,2
300,301,2999,145,13,11,1137,1064,3
301,302,5142,1916,20,1,1177,1148,4
302,303,1239,575,17,6,638,271,2
303,304,1239,575,17,7,1096,68,1
304,305,1262,515,16,5,1024,860,3
305,306,1262,515,16,2,801,179,4
306,307,1033,254,5,9,592,1009,5
307,308,1518,159,19,1,124,1106,2
308,309,8581,2444,2,2,381,653,5
309,310,8581,2444,2,8,1026,286,4
310,311,1167,463,5,10,174,415,2
311,312,2841,803,20,2,481,19,2
312,313,5680,2159,19,11,725,578,2
313,314,8204,2382,6,6,824,88,1
314,315,8204,2382,6,7,475,663,1
315,316,2850,904,6,11,1183,105,1
316,317,2850,904,6,2,587,1095,2
317,318,907,391,9,11,805,928,4
318,319,2174,265,19,4,962,978,3
319,320,8541,2029,12,7,5,446,1
320,321,1931,551,3,3,536,871,2
321,322,1281,340,3,6,148,913,3
322,323,2404,253,15,9,1131,908,1
323,324,2119,196,1,3,1114,168,1
324,325,3137,571,9,8,890,434,4
325,326,2323,727,7,6,882,931,4
326,327,1368,406,9,6,982,606,2
327,328,9204,3289,16,8,441,391,4
328,329,9204,3289,16,8,759,646,4
329,330,9894,3698,20,5,959,1099,4
330,331,9894,3698,20,4,1097,933,1
331,332,5322,1423,18,12,773,240,5
332,333,5322,1423,18,2,677,917,3
333,334,2666,559,14,7,31,114,5
334,335,8383,937,4,1,890,112,4
335,336,7560,821,4,8,838,210,2
336,337,1314,490,16,5,309,389,5
337,338,4390,179,1,2,728,524,2
338,339,1150,58,7,7,175,998,2
339,340,1574,258,17,6,743,1100,2
340,341,5635,318,17,12,337,287,4
341,342,6515,961,11,6,805,231,3
342,343,1231,214,20,7,1050,487,2
343,344,1231,214,20,3,395,141,2
344,345,6891,2529,3,8,848,1098,2
345,346,7524,2308,15,3,753,912,5
346,347,6864,1824,14,7,69,996,2
347,348,4215,432,14,11,238,197,3
348,349,622,218,19,11,1022,891,4
349,350,1755,495,18,4,807,1011,1
350,351,8020,3898,20,4,816,571,1
351,352,7333,1576,4,10,904,176,1
352,353,7690,1134,4,3,977,165,5
353,354,912,246,2,5,646,941,1
354,355,2791,894,14,8,387,154,1
355,356,2791,894,14,7,180,958,1
356,357,2791,894,14,3,987,603,4
357,358,6223,1478,3,12,170,841,3
358,359,6223,1478,3,8,622,416,5
359,360,6223,1478,3,10,4,317,5
360,361,8943,3121,17,11,682,834,3
361,362,8943,3121,17,1,1003,276,3
362,363,8943,3121,17,2,1004,169,4
363,364,3297,102,12,7,1018,7,5
364,365,3297,102,12,9,1044,600,5
365,366,3297,102,12,4,218,210,4
366,367,8769,1989,20,3,513,111,5
367,368,9057,1888,19,2,319,1007,2
368,369,6864,3275,11,11,857,256,3
369,370,9200,809,13,5,50,1186,2
370,371,6113,2508,6,5,245,612,1
371,372,7733,2784,15,6,775,424,2
372,373,8524,154,14,12,1132,507,4
373,374,6187,2344,15,5,179,77,2
374,375,4364,148,18,9,894,701,4
375,376,736,286,12,7,731,808,4
376,377,9905,633,17,10,401,329,4
377,378,9905,633,17,12,62,488,1
378,379,2493,1221,9,10,1136,265,2
379,380,9849,963,1,12,380,479,1
380,381,3423,804,4,10,354,1062,5
381,382,3423,804,4,8,1108,800,5
382,383,3423,804,4,8,724,32,2
383,384,3423,804,4,5,564,1114,1
384,385,3423,804,4,1,1193,1088,5
385,386,3900,115,9,12,862,976,1
386,387,8568,2419,11,11,138,163,1
387,388,3283,71,6,6,135,606,3
388,389,7643,3720,19,3,263,157,2
389,390,3461,1537,15,10,544,1119,1
390,391,5714,1438,6,1,636,159,2
391,392,3853,1457,10,3,69,366,2
392,393,6016,431,20,1,608,775,1
393,394,1290,204,12,7,1130,439,3
394,395,1290,204,12,8,542,462,1
395,396,4569,1693,10,2,702,698,2
396,397,3083,1151,16,1,612,86,3
397,398,3522,898,15,10,616,509,4
398,399,3522,898,15,3,718,649,4
399,400,7301,3602,3,1,61,142,5
400,401,4462,121,8,7,587,771,1
401,402,6212,1881,17,8,506,112,3
402,403,4027,1386,3,11,5,143,4
403,404,1676,330,14,5,1178,878,1
404,405,3927,1133,12,10,1051,113,2
405,406,2776,887,9,10,129,1124,5
406,407,7684,1157,12,1,672,733,3
407,408,7684,1157,12,5,706,662,3
408,409,7684,1157,12,7,1019,534,1
409,410,6008,2498,17,9,105,840,1
410,411,7344,2598,20,8,747,92,4
411,412,6932,3218,20,1,599,506,2
412,413,7748,1706,16,7,943,499,1
413,414,6381,2763,20,4,517,482,5
414,415,992,64,6,7,867,170,5
415,416,8649,2631,13,2,223,330,5
416,417,8649,2631,13,4,217,541,2
417,418,4099,52,18,5,899,118,1
418,419,2539,324,5,3,790,385,1
419,420,9845,3062,9,8,1140,490,1
420,421,2901,1411,2,12,658,125,2
421,422,2901,1411,2,4,704,158,1
422,423,6934,1152,6,8,716,211,1
423,424,6934,1152,6,7,587,537,2
424,425,9640,2606,2,7,512,376,4
425,426,7930,1981,13,3,510,757,3
426,427,7930,1981,13,12,695,89,1
427,428,9894,829,1,7,1022,1095,3
428,429,4534,2235,4,10,662,196,5
429,430,4911,186,20,1,11,697,2
430,431,531,189,20,6,23,477,4
431,432,9707,3483,10,1,376,1055,5
432,433,8521,2584,7,12,737,124,1
433,434,8438,3427,12,4,1013,812,2
434,435,1689,109,9,9,904,143,3
435,436,3936,1626,14,2,1108,655,5
436,437,7664,1753,19,9,452,964,3
437,438,721,258,13,10,372,985,4
438,439,721,258,13,6,1089,259,2
439,440,8364,3055,17,7,1175,493,3
440,441,8364,3055,17,3,941,395,3
441,442,5234,2021,15,5,345,221,2
442,443,5234,2021,15,2,1039,78,1
443,444,3944,1559,18,5,236,647,2
444,445,6711,1045,12,5,33,451,4
445,446,5031,714,4,1,882,1161,2
446,447,6295,2469,14,10,871,80,5
447,448,9654,4111,1,5,556,376,5
448,449,3112,1065,20,12,842,759,2
449,450,7838,1142,13,3,725,685,3
450,451,9300,3146,6,2,170,637,3
451,452,1733,133,17,5,1155,138,3
452,453,874,235,15,2,1187,1177,5
453,454,874,235,15,10,923,256,3
454,455,1248,584,13,11,406,699,3
455,456,1248,584,13,12,792,961,2
456,457,3669,154,14,1,1095,358,5
457,458,3669,154,14,5,893,1167,5
458,459,514,109,15,4,201,984,3
459,460,514,109,15,9,315,1048,5
460,461,3273,85,16,12,654,320,5
461,462,5035,2008,2,12,603,411,1
462,463,7702,60,19,1,850,343,4
463,464,9884,4446,7,8,704,902,5
464,465,5564,175,11,1,528,504,2
465,466,5564,175,11,12,113,68,3
466,467,5564,175,11,3,1169,755,1
467,468,3953,1776,15,11,19,931,5
468,469,3953,1776,15,8,739,168,3
469,470,3953,1776,15,1,82,575,3
470,471,6488,1591,18,1,623,768,5
471,472,6488,1591,18,6,302,744,2
472,473,7856,3699,17,9,568,370,5
473,474,1165,51,3,3,262,1146,3
474,475,9386,2555,20,8,1021,258,2
475,476,9386,2555,20,7,996,327,1
476,477,3956,142,12,5,681,260,5
477,478,3956,142,12,2,226,445,1
478,479,6449,2628,11,4,737,152,2
479,480,6449,2628,11,5,262,1158,1
480,481,6255,437,18,6,582,1094,1
481,482,2109,681,20,12,1133,453,1
482,483,6707,1041,20,6,899,533,5
483,484,7633,184,13,11,872,986,2
484,485,975,224,18,8,937,892,4
485,486,4492,1450,7,8,811,18,1
486,487,7957,2834,12,1,245,1013,4
487,488,4906,975,7,3,396,328,3
488,489,1379,250,3,6,52,422,5
489,490,4244,340,10,7,1098,365,1
490,491,5911,2333,14,2,853,357,5
491,492,5911,2333,14,6,882,94,5
492,493,1818,738,11,3,860,830,2
493,494,1818,738,11,7,468,988,4
494,495,2140,970,4,10,185,825,3
495,496,2140,970,4,11,908,1087,4
496,497,2140,970,4,4,685,1134,4
497,498,2670,1026,1,9,969,467,2
498,499,2670,1026,1,6,130,556,1
499,500,2670,1026,1,2,592,84,4
500,501,1108,167,18,5,1063,466,1
501,502,9776,3750,9,5,915,1018,5
502,503,535,72,6,7,306,408,4
503,504,7564,3463,5,6,152,1113,1
504,505,7564,3463,5,6,411,563,1
505,506,7564,3463,5,3,911,689,2
506,507,7564,3463,5,7,498,305,3
507,508,3409,1605,20,2,442,1,3
508,509,3409,1605,20,5,775,829,1
509,510,3409,1605,20,3,117,170,1
510,511,3409,1605,20,7,686,1007,2
511,512,9751,2459,13,10,65,1000,2
512,513,6385,2656,11,1,598,1138,2
513,514,6385,2656,11,12,304,446,4
514,515,6355,1335,15,8,867,961,2
515,516,6355,1335,15,6,360,30,2
516,517,7377,320,15,12,645,1028,2
517,518,2054,371,12,12,973,272,5
518,519,7497,319,18,7,1099,692,2
519,520,2565,983,20,5,1070,548,5
520,521,5024,1544,19,7,553,498,5
521,522,8243,1346,15,1,865,413,5
522,523,7792,1403,13,4,443,904,4
523,524,7792,1403,13,7,283,1173,1
524,525,7792,1403,13,7,393,610,5
525,526,2346,388,14,10,736,152,5
526,527,2346,388,14,5,126,247,1
527,528,2346,388,14,5,1108,833,1
528,529,7346,1043,10,2,26,356,5
529,530,9770,4132,7,11,607,192,2
530,531,7179,683,13,12,205,1169,5
531,532,5449,2389,2,2,564,1014,3
532,533,2895,104,6,4,675,850,5
533,534,2895,104,6,4,483,1020,5
534,535,697,116,1,12,567,1145,1
535,536,697,116,1,2,84,712,1
536,537,6145,1414,4,6,154,921,1
537,538,2504,440,18,2,337,1189,3
538,539,3124,138,16,3,988,826,2
539,540,6934,1226,1,8,920,265,3
540,541,6934,1226,1,11,518,396,3
541,542,4202,1171,3,1,425,384,4
542,543,4202,1171,3,12,272,114,1
543,544,4202,1171,3,1,554,677,4
544,545,4202,1171,3,9,283,1050,1
545,546,2239,828,1,10,343,402,2
546,547,2239,828,1,11,949,861,5
547,548,2450,1002,4,1,838,226,5
548,549,2450,1002,4,12,434,1089,4
549,550,9827,4208,13,4,656,748,2
550,551,8077,240,15,3,228,574,1
551,552,5152,2045,14,6,46,61,3
552,553,5152,2045,14,1,20,4,5
553,554,5152,2045,14,2,650,176,4
554,555,5152,2045,14,2,1131,762,2
555,556,2542,190,1,5,658,101,2
556,557,8102,1800,5,7,890,11,1
557,558,8102,1800,5,6,190,415,1
558,559,8102,1800,5,7,768,773,4
559,560,3234,1274,10,5,502,1182,1
560,561,3234,1274,10,4,336,704,3
561,562,3234,1274,10,4,752,560,3
562,563,6200,2321,18,5,603,777,2
563,564,6200,2321,18,7,489,747,2
564,565,4470,413,13,10,679,419,4
565,566,916,362,7,10,249,103,2
566,567,916,362,7,11,1101,165,3
567,568,1165,302,20,2,1040,320,4
568,569,1165,302,20,8,26,1152,5
569,570,7846,677,12,9,1173,552,1
570,571,7846,677,12,4,1150,543,3
571,572,3022,384,1,2,690,865,4
572,573,3022,384,1,9,28,1113,1
573,574,5266,1111,13,3,1065,162,2
574,575,5266,1111,13,2,439,871,4
575,576,4853,1764,9,9,153,714,5
576,577,4853,1764,9,10,1096,736,3
577,578,9832,1270,1,4,728,96,2
578,579,796,153,15,4,199,783,4
579,580,883,127,7,2,952,330,4
580,581,4539,1155,8,10,22,165,5
581,582,9659,2226,16,12,412,112,1
582,583,9562,325,2,4,221,316,3
583,584,4688,1841,3,8,191,349,2
584,585,4688,1841,3,2,21,476,5
585,586,7900,482,4,7,865,566,5
586,587,6967,3257,17,8,341,467,5
587,588,1091,277,6,11,936,466,4
588,589,6027,1530,2,8,212,828,4
589,590,4852,218,2,9,56,596,4
590,591,4852,218,2,9,1120,734,3
591,592,4852,218,2,9,337,410,3
592,593,4314,1453,6,2,876,730,4
593,594,3288,1477,3,9,98,567,4
594,595,3288,1477,3,2,944,725,2
595,596,3977,813,5,7,935,82,1
596,597,6252,1377,2,10,384,347,5
597,598,9084,3253,12,9,1188,868,3
598,599,8994,1481,15,10,861,190,4
599,600,1089,176,16,7,394,590,1
600,601,6690,1001,19,6,1046,505,1
601,602,6690,1001,19,9,821,877,2
602,603,4985,1920,10,6,1105,283,1
603,604,4985,1920,10,5,534,939,2
604,605,8590,3565,15,2,1181,342,3
605,606,6973,3038,10,3,628,770,5
606,607,4591,1941,19,4,1116,770,5
607,608,9612,2572,17,6,1019,925,5
608,609,5343,655,1,7,544,436,4
609,610,6956,318,20,5,489,782,2
610,611,5306,2405,17,6,284,375,5
611,612,8982,448,17,10,375,638,2
612,613,4826,562,5,6,1064,569,4
613,614,972,106,15,1,931,210,2
614,615,3665,802,4,10,445,778,2
615,616,3665,802,4,6,501,742,2
616,617,9808,2117,2,4,979,1016,2
617,618,1133,73,17,2,736,328,5
618,619,1133,73,17,10,721,703,1
619,620,6248,1168,19,5,1126,1064,4
620,621,6248,1168,19,12,116,621,5
621,622,5666,2733,17,10,899,1146,1
622,623,4171,1450,18,10,666,1128,2
623,624,6236,2839,7,1,706,267,3
624,625,6236,2839,7,3,166,552,2
625,626,5410,2456,8,12,1040,1038,3
626,627,5410,2456,8,3,382,1021,3
627,628,3024,1353,1,2,694,256,5
628,629,3024,1353,1,1,297,530,4
629,630,7434,2851,5,1,613,877,4
630,631,7213,508,19,8,683,933,5
631,632,7213,508,19,6,920,208,4
632,633,3176,586,9,8,628,412,5
633,634,3176,586,9,11,85,3,2
634,635,9144,2220,18,2,437,379,1
635,636,4146,865,19,9,918,750,2
636,637,3793,875,7,7,914,802,5
637,638,7169,2385,11,3,1057,1152,1
638,639,4046,417,18,5,8,515,2
639,640,4164,905,11,7,802,295,3
640,641,5389,2196,5,11,611,1064,5
641,642,5448,2204,5,10,1181,377,4
642,643,4115,1285,1,11,942,1082,3
643,644,4761,2231,12,5,551,328,5
644,645,5899,2264,6,9,247,1054,4
645,646,6109,3040,9,8,1154,967,4
646,647,6109,3040,9,11,350,1018,4
647,648,4628,1491,17,5,342,1114,5
648,649,4628,1491,17,6,274,706,4
649,650,4369,584,13,12,433,123,4
650,651,4369,584,13,4,465,682,1
651,652,5632,2358,20,7,645,1094,5
652,653,5632,2358,20,1,622,270,4
653,654,5632,2358,20,3,636,367,2
654,655,7519,402,14,9,151,1156,3
655,656,1564,674,13,7,482,108,2
656,657,2804,936,10,5,227,605,5
657,658,2804,936,10,7,646,779,2
658,659,2804,936,10,7,22,617,3
659,660,2321,505,6,3,656,639,2
660,661,5730,482,6,1,460,20,3
661,662,7441,867,12,11,473,648,1
662,663,7441,867,12,12,518,411,1
663,664,1732,766,7,5,515,96,5
664,665,8788,3944,19,6,350,506,5
665,666,838,271,11,8,1070,700,2
666,667,838,271,11,2,360,1192,2
667,668,3577,699,2,11,1100,394,4
668,669,3577,699,2,7,482,1061,4
669,670,7122,1836,6,3,751,757,3
670,671,7122,1836,6,3,743,72,5
671,672,7122,1836,6,6,506,8,2
672,673,7327,2596,15,6,735,421,5
673,674,7327,2596,15,11,410,273,5
674,675,7327,2596,15,5,900,1028,1
675,676,2239,1094,18,12,614,582,4
676,677,4932,1153,1,3,1084,989,2
677,678,4609,1084,8,8,447,599,3
678,679,2328,788,4,12,302,203,2
679,680,4734,958,7,11,1105,229,4
680,681,1388,345,5,5,598,1041,4
681,682,8555,1638,8,10,677,540,2
682,683,9024,730,4,4,516,1106,2
683,684,2468,418,4,12,15,1063,3
684,685,9438,1801,4,1,148,583,3
685,686,9438,1801,4,6,168,533,1
686,687,2685,379,18,2,84,386,2
687,688,2685,379,18,8,1075,245,5
688,689,9916,4602,14,7,1166,181,5
689,690,9916,4602,14,11,71,977,3
690,691,6184,50,14,11,643,839,4
691,692,6184,50,14,2,870,1038,1
692,693,4548,2135,8,6,423,955,5
693,694,4548,2135,8,3,361,743,2
694,695,7195,1665,7,7,294,384,3
695,696,7195,1665,7,9,513,684,2
696,697,3098,957,18,11,243,1130,5
697,698,5412,1192,18,2,856,225,2
698,699,5412,1192,18,4,98,1149,4
699,700,1397,686,11,7,1084,790,4
700,701,9279,552,14,3,1002,732,2
701,702,9279,552,14,2,697,535,5
702,703,2596,1003,19,11,60,618,2
703,704,2596,1003,19,7,942,1118,3
704,705,6732,911,19,3,580,681,3
705,706,4495,1408,14,10,1102,854,1
706,707,9653,2471,6,4,442,584,3
707,708,8945,1728,10,8,1166,376,5
708,709,4007,201,13,12,1022,127,5
709,710,4007,201,13,7,745,1029,4
710,711,810,231,18,11,581,575,2
711,712,9789,2071,18,1,814,965,2
712,713,9229,4090,8,3,789,595,2
713,714,8141,3968,18,7,665,89,1
714,715,8141,3968,18,8,1054,416,5
715,716,1067,251,14,8,530,340,2
716,717,1067,251,14,6,1102,847,5
717,718,3839,1415,10,11,208,869,1
718,719,3839,1415,10,6,754,235,2
719,720,2858,482,13,8,33,1154,1
720,721,2137,638,12,11,351,858,1
721,722,2831,1289,12,11,646,458,3
722,723,3913,961,15,4,210,1120,1
723,724,3913,961,15,4,1156,789,1
724,725,4468,1940,9,6,202,146,2
725,726,1579,602,9,6,221,900,4
726,727,1579,602,9,5,1059,1151,2
727,728,1579,602,9,9,493,523,5
728,729,1579,602,9,7,1003,941,3
729,730,3760,1849,19,2,150,644,4
730,731,3760,1849,19,4,756,170,5
731,732,3760,1849,19,3,458,239,5
732,733,3760,1849,19,9,1045,792,4
733,734,8706,3099,14,5,17,629,2
734,735,4708,696,14,8,646,378,4
735,736,8089,3132,17,2,1136,912,3
736,737,5462,673,12,11,251,301,4
737,738,6392,444,18,7,407,993,2
738,739,8706,1724,3,10,694,1121,5
739,740,2349,319,4,1,430,935,1
740,741,8220,3882,14,4,247,310,5
741,742,2379,279,7,11,857,1015,5
742,743,7377,2049,4,12,274,410,2
743,744,717,158,16,11,127,941,5
744,745,717,158,16,11,451,308,3
745,746,717,158,16,4,947,958,2
746,747,717,158,16,11,142,908,2
747,748,717,158,16,11,502,1140,3
748,749,717,158,16,7,1121,701,3
749,750,508,177,17,8,39,422,3
750,751,508,177,17,5,207,473,3
751,752,508,177,17,6,897,408,4
752,753,508,177,17,12,397,948,2
753,754,508,177,17,1,526,984,3
754,755,508,177,17,12,668,547,4
755,756,9382,1085,3,4,1129,859,1
756,757,9382,1085,3,11,954,371,2
757,758,4936,576,19,3,1091,1051,5
758,759,4936,576,19,8,303,503,1
759,760,2663,64,19,12,320,994,1
760,761,2663,64,19,1,1083,523,2
761,762,5151,1680,5,3,536,372,1
762,763,2514,95,8,10,127,160,2
763,764,6129,2976,2,4,21,425,5
764,765,4395,1663,3,12,379,64,5
765,766,5393,2642,8,10,210,277,5
766,767,2280,509,8,12,549,1135,2
767,768,6596,1439,9,4,495,4,5
768,769,4510,1896,5,11,435,1089,2
769,770,6077,2378,18,7,463,770,5
770,771,5379,2510,17,6,947,1056,1
771,772,4629,1660,16,12,1132,1007,4
772,773,2710,555,20,4,656,1142,3
773,774,3224,1018,14,10,689,1170,3
774,775,8042,936,15,11,1162,242,4
775,776,8042,936,15,2,312,731,5
776,777,3957,151,10,3,5,776,1
777,778,8769,3178,16,9,477,513,1
778,779,2957,917,16,3,155,213,3
779,780,5344,2607,6,4,1085,974,3
780,781,5344,2607,6,9,23,714,2
781,782,6061,2121,19,10,237,760,1
782,783,6061,2121,19,10,9,477,1
783,784,5376,1928,7,9,1077,242,2
784,785,2792,1008,8,6,239,605,2
785,786,2944,249,5,3,949,511,5
786,787,2944,249,5,6,952,184,5
787,788,4220,945,13,7,430,1018,3
788,789,4220,945,13,11,2,1118,3
789,790,8526,1704,4,2,983,5,2
790,791,8218,1430,19,7,102,470,2
791,792,599,265,4,11,726,735,1
792,793,599,265,4,12,28,853,4
793,794,2727,543,10,6,737,708,1
794,795,2727,543,10,1,484,304,2
795,796,2589,605,11,5,535,427,4
796,797,2589,605,11,11,264,20,2
797,798,3776,1100,9,6,225,1100,5
798,799,3776,1100,9,5,808,123,3
799,800,5402,1666,12,4,177,733,4
800,801,5165,885,16,4,1192,415,2
801,802,4863,2394,4,3,1039,723,1
802,803,1626,258,15,12,295,1055,1
803,804,8851,3962,7,11,117,579,3
804,805,9680,3295,9,3,629,552,5
805,806,8468,3666,8,7,747,131,2
806,807,4441,314,14,1,89,726,5
807,808,6622,2673,8,6,616,730,4
808,809,3260,207,17,9,307,129,5
809,810,8709,2322,8,5,1185,140,2
810,811,8709,2322,8,1,287,655,2
811,812,5250,187,1,11,451,971,4
812,813,5250,187,1,4,453,160,3
813,814,4116,921,20,1,1083,1014,4
814,815,4116,921,20,6,182,389,3
815,816,1109,418,15,8,806,18,2
816,817,3573,562,7,11,1172,635,4
817,818,3573,562,7,12,607,626,2
818,819,3573,562,7,6,1141,798,1
819,820,8055,661,10,12,92,510,4
820,821,8055,661,10,9,851,952,5
821,822,8055,661,10,12,61,790,2
822,823,6829,2609,2,2,964,1001,3
823,824,6390,3089,12,7,622,620,4
824,825,5831,1574,17,12,789,613,5
825,826,5831,1574,17,10,364,185,1
826,827,5831,1574,17,12,563,1145,3
827,828,7952,3865,8,1,604,431,1
828,829,3659,379,5,2,90,650,4
829,830,4183,1159,4,9,498,197,1
830,831,7478,1381,11,2,240,588,2
831,832,702,238,9,5,531,644,3
832,833,4037,1494,15,7,500,525,4
833,834,5014,2332,2,10,1067,1029,4
834,835,9879,4930,15,11,103,976,3
835,836,8762,3502,1,12,305,461,3
836,837,8490,800,1,9,267,746,1
837,838,6951,164,10,10,786,350,1
838,839,1078,309,3,6,960,853,4
839,840,1078,309,3,8,110,290,5
840,841,8560,2166,19,8,1007,303,3
841,842,1031,318,20,12,186,311,2
842,843,6402,2770,19,1,189,156,4
843,844,6402,2770,19,4,947,612,5
844,845,5916,1594,19,1,210,132,1
845,846,5916,1594,19,6,493,710,3
846,847,4015,1751,15,4,517,186,1
847,848,4015,1751,15,7,133,476,3
848,849,9335,557,11,2,770,744,2
849,850,4706,594,11,3,980,466,3
850,851,4706,594,11,3,33,406,5
851,852,6584,371,6,6,372,1066,4
852,853,6584,371,6,5,540,117,4
853,854,6389,734,1,7,1006,999,1
854,855,9869,4299,12,2,404,551,3
855,856,9869,4299,12,10,254,13,2
856,857,655,297,4,9,1136,384,5
857,858,655,297,4,10,606,32,4
858,859,798,308,10,10,873,135,4
859,860,798,308,10,11,936,569,2
860,861,7967,2504,13,6,829,947,3
861,862,7967,2504,13,12,983,637,4
862,863,3756,1318,5,7,402,316,1
863,864,5196,2477,1,9,708,299,4
864,865,6586,1794,19,2,1025,852,1
865,866,6673,950,19,11,1191,1073,2
866,867,714,232,14,3,483,227,3
867,868,714,232,14,5,354,904,5
868,869,1083,501,6,8,259,884,2
869,870,2401,1163,10,12,651,847,2
870,871,2401,1163,10,8,801,250,1
871,872,2401,1163,10,9,427,1012,1
872,873,1045,267,11,12,14,936,5
873,874,1045,267,11,6,1,508,1
874,875,1045,267,11,10,1093,576,3
875,876,7806,1127,1,1,250,610,4
876,877,5263,1743,19,1,748,539,5
877,878,6147,2526,6,7,852,1117,4
878,879,7484,2871,15,4,560,1099,5
879,880,7484,2871,15,11,270,166,2
880,881,7700,2712,1,7,952,304,5
881,882,7700,2712,1,3,435,1100,4
882,883,8537,3586,13,5,1121,610,2
883,884,8858,3394,6,4,847,697,1
884,885,5313,2037,7,12,665,209,4
885,886,5313,2037,7,4,935,25,3
886,887,3281,471,7,3,257,2,5
887,888,3281,471,7,7,847,556,2
888,889,8681,2458,9,4,184,455,2
889,890,6195,1556,18,7,478,823,3
890,891,3877,481,16,1,653,487,5
891,892,3877,481,16,6,864,240,3
892,893,9369,3297,6,3,797,786,5
893,894,9369,3297,6,6,495,107,1
894,895,8680,4068,20,6,507,196,5
895,896,8680,4068,20,5,887,707,1
896,897,3067,1475,8,1,362,1132,4
897,898,3067,1475,8,7,18,772,2
898,899,9002,4197,2,11,612,137,4
899,900,9002,4197,2,6,669,565,4
900,901,7105,2782,19,11,696,882,3
901,902,5317,1345,18,7,293,826,2
902,903,5317,1345,18,12,958,270,4
903,904,5317,1345,18,4,612,699,1
904,905,6304,766,14,3,526,928,4
905,906,6304,766,14,2,502,135,2
906,907,6304,766,14,3,156,972,2
907,908,9565,1691,3,7,563,870,2
908,909,8245,324,11,12,1040,984,2
909,910,1592,480,13,12,1175,1084,1
910,911,8400,267,5,4,114,204,1
911,912,4963,1254,15,6,468,40,2
912,913,2472,211,5,2,861,1057,1
913,914,9132,3096,14,8,758,403,3
914,915,8305,1577,6,7,90,150,5
915,916,1010,58,19,1,1127,217,2
916,917,4544,1726,9,9,1131,1051,5
917,918,5900,1738,20,10,461,25,5
918,919,8861,3381,19,11,937,173,2
919,920,8158,2052,13,4,234,1152,4
920,921,3411,1704,14,10,381,851,4
921,922,9406,1137,16,1,493,875,5
922,923,1156,74,15,4,251,439,4
923,924,5354,743,10,7,803,925,4
924,925,8780,3430,4,2,667,82,3
925,926,8780,3430,4,11,664,370,4
926,927,6783,3306,8,11,21,509,4
927,928,1778,285,4,7,306,273,1
928,929,9399,1949,12,3,434,132,1
929,930,7957,965,4,1,349,965,5
930,931,1638,661,13,6,85,1051,1
931,932,1786,224,4,10,333,75,4
932,933,4751,781,9,3,527,263,2
933,934,8979,4477,4,5,372,829,4
934,935,2727,663,8,11,867,310,2
935,936,1093,397,17,8,486,555,5
936,937,1093,397,17,7,426,363,3
937,938,1093,397,17,11,55,1040,1
938,939,2636,88,11,6,851,854,1
939,940,2636,88,11,8,488,851,3
940,941,2636,88,11,4,328,650,5
941,942,7344,2251,7,9,613,625,3
942,943,7306,1547,3,9,1144,325,5
943,944,5832,2588,10,10,56,23,3
944,945,8572,2041,8,9,1035,188,4
945,946,8572,2041,8,7,457,169,1
946,947,8572,2041,8,11,243,116,3
947,948,8059,1834,10,9,191,766,3
948,949,8059,1834,10,1,48,768,1
949,950,8059,1834,10,5,679,266,3
950,951,3661,436,13,8,72,523,5
951,952,2451,342,8,5,1094,249,4
952,953,2451,342,8,3,826,388,2
953,954,2451,342,8,5,210,555,2
954,955,7067,1943,16,10,621,67,5
955,956,4307,615,3,11,200,235,5
956,957,4307,615,3,7,382,1029,5
957,958,5694,1134,5,4,425,658,4
958,959,5694,1134,5,7,728,485,2
959,960,962,298,18,6,1120,406,5
960,961,2995,220,14,6,435,823,5
961,962,2047,914,5,5,975,130,5
962,963,2078,612,6,6,282,1134,4
963,964,2737,1253,3,10,824,26,1
964,965,8194,2881,6,11,1101,1009,1
965,966,9914,3858,16,1,464,226,1
966,967,9914,3858,16,6,127,1052,5
967,968,5470,292,7,2,862,443,1
968,969,5470,292,7,11,665,939,4
969,970,1496,662,17,11,666,1087,5
970,971,1496,662,17,1,792,892,2
971,972,3228,476,9,12,1120,230,1
972,973,3918,749,8,5,767,1107,1
973,974,3918,749,8,3,943,917,1
974,975,9921,1451,15,1,258,558,3
975,976,9694,4361,1,8,1143,543,5
976,977,5028,1553,13,10,317,806,4
977,978,594,67,19,6,895,580,2
978,979,594,67,19,4,218,645,1
979,980,594,67,19,12,1007,478,5
980,981,5954,2618,11,2,1047,31,2
981,982,3518,1051,3,6,640,759,4
982,983,4157,1874,8,11,738,429,3
983,984,3747,410,5,8,696,378,5
984,985,3747,410,5,3,791,573,4
985,986,3747,410,5,2,1094,41,2
986,987,3747,410,5,4,83,434,5
987,988,3747,410,5,3,383,128,1
988,989,3194,534,4,2,614,643,5
989,990,3194,534,4,4,1018,1,4
990,991,3194,534,4,9,153,964,5
991,992,3194,534,4,5,657,698,1
992,993,3194,534,4,2,183,400,2
993,994,8548,2305,1,5,637,847,2
994,995,6089,139,19,11,538,812,4
995,996,6089,139,19,10,119,594,1
996,997,6089,139,19,10,88,271,3
997,998,2586,800,16,11,694,35,5
998,999,2586,800,16,9,279,975,2
999,1000,2586,800,16,8,1071,1162,2
1000,1001,3757,1626,9,10,1162,1135,3
1001,1002,3757,1626,9,6,857,581,4
1002,1003,3757,1626,9,5,480,87,1
1003,1004,5193,2530,5,7,502,771,2
1004,1005,5193,2530,5,1,1144,528,1
1005,1006,7493,96,3,11,368,89,3
1006,1007,2062,848,6,7,989,1157,5
1007,1008,7163,1536,1,12,541,705,1
1008,1009,4026,163,6,7,343,932,4
1009,1010,1894,275,5,10,572,1028,1
1010,1011,7144,192,13,12,214,449,3
1011,1012,3482,1554,15,3,1194,342,3
1012,1013,4172,235,5,11,231,195,4
1013,1014,4172,235,5,12,479,737,2
1014,1015,4172,235,5,2,1131,600,2
1015,1016,6265,155,8,7,88,337,2
1016,1017,6265,155,8,6,838,933,1
1017,1018,2931,212,7,4,345,28,3
1018,1019,2931,212,7,2,220,1086,5
1019,1020,1146,188,9,9,448,793,1
1020,1021,9215,767,13,5,535,498,2
1021,1022,9215,767,13,3,722,517,3
1022,1023,7895,1005,1,12,380,548,5
1023,1024,7895,1005,1,8,502,634,1
1024,1025,2740,558,8,8,121,33,3
1025,1026,2740,558,8,7,369,286,1
1026,1027,5338,1354,16,8,541,836,5
1027,1028,5338,1354,16,10,180,11,3
1028,1029,5338,1354,16,7,885,950,4
1029,1030,5338,1354,16,9,1013,364,3
1030,1031,3095,941,2,10,190,507,4
1031,1032,3095,941,2,7,123,84,3
1032,1033,6017,2230,13,8,673,693,2
1033,1034,4904,469,2,9,46,296,3
1034,1035,3080,737,6,4,431,479,3
1035,1036,1992,355,2,5,1086,779,5
1036,1037,5346,1246,17,10,698,139,1
1037,1038,5346,1246,17,7,746,1098,1
1038,1039,8422,893,18,4,946,344,1
1039,1040,8422,893,18,12,304,88,5
1040,1041,6105,1447,8,4,737,436,4
1041,1042,6105,1447,8,8,820,617,3
1042,1043,670,85,9,6,105,1172,5
1043,1044,4057,1012,6,6,1060,905,2
1044,1045,8178,2462,10,4,884,145,1
1045,1046,8752,1686,9,10,289,673,2
1046,1047,8752,1686,9,12,936,918,3
1047,1048,8752,1686,9,12,379,69,5
1048,1049,8974,4441,16,10,592,951,3
1049,1050,9090,3098,16,4,79,60,4
1050,1051,9090,3098,16,12,139,1107,3
1051,1052,851,356,11,9,381,678,3
1052,1053,851,356,11,4,1017,612,4
1053,1054,5427,728,3,11,312,226,2
1054,1055,2695,914,15,11,178,67,2
1055,1056,2695,914,15,1,46,220,2
1056,1057,2386,999,3,11,480,228,1
1057,1058,2284,149,20,7,496,834,2
1058,1059,6034,608,8,5,818,209,5
1059,1060,8956,3359,13,10,636,1017,4
1060,1061,7122,1982,7,2,1189,258,1
1061,1062,9775,4507,5,7,1099,687,5
1062,1063,3309,177,13,7,1013,378,3
1063,1064,4163,897,14,9,1131,1091,4
1064,1065,4163,897,14,2,1035,738,2
1065,1066,4163,897,14,11,44,367,5
1066,1067,5518,867,7,5,226,821,3
1067,1068,7566,606,6,6,483,289,2
1068,1069,7566,606,6,4,604,302,4
1069,1070,762,92,11,3,954,169,1
1070,1071,3316,126,6,6,318,298,3
1071,1072,5994,2826,9,4,829,547,3
1072,1073,5994,2826,9,8,484,241,1
1073,1074,5994,2826,9,6,352,726,3
1074,1075,3854,245,19,3,60,840,4
1075,1076,7019,2677,15,3,341,9,5
1076,1077,5954,2640,14,8,183,83,3
1077,1078,5954,2640,14,3,62,667,3
1078,1079,9752,3618,5,2,425,327,3
1079,1080,9752,3618,5,12,1184,731,5
1080,1081,5335,322,15,9,1019,305,3
1081,1082,1454,80,20,5,885,117,1
1082,1083,6724,1539,19,11,36,583,2
1083,1084,6724,1539,19,6,955,718,5
1084,1085,9874,3895,4,10,168,859,4
1085,1086,4918,1485,7,9,952,255,4
1086,1087,3189,1180,19,11,779,902,4
1087,1088,2684,713,2,10,817,35,5
1088,1089,2684,713,2,7,958,231,4
1089,1090,2684,713,2,10,151,527,1
1090,1091,7626,229,5,12,230,527,4
1091,1092,7626,229,5,8,1126,198,4
1092,1093,6669,3063,19,9,1046,946,5
1093,1094,6123,1686,3,6,660,335,2
1094,1095,3265,1390,16,3,278,805,1
1095,1096,8104,1039,6,11,146,828,5
1096,1097,8104,1039,6,4,657,180,3
1097,1098,8104,1039,6,1,1099,171,3
1098,1099,847,355,17,7,993,731,2
1099,1100,847,355,17,6,1139,709,2
1100,1101,847,355,17,2,632,657,1
1101,1102,3129,55,9,4,324,536,1
1102,1103,7821,3821,13,4,600,72,3
1103,1104,9498,256,12,2,97,1083,2
1104,1105,9498,256,12,12,671,366,1
1105,1106,5461,1214,7,5,1067,172,2
1106,1107,3084,611,19,12,463,234,3
1107,1108,6087,3043,1,4,382,170,5
1108,1109,611,300,3,8,125,33,5
1109,1110,9909,2999,18,7,979,229,5
1110,1111,9909,2999,18,10,652,424,4
1111,1112,6485,3178,18,5,514,1085,3
1112,1113,7259,1969,10,12,880,979,4
1113,1114,3333,700,18,2,966,794,5
1114,1115,7786,1202,4,10,95,549,5
1115,1116,7644,2428,6,12,184,624,2
1116,1117,1476,247,5,3,418,141,2
1117,1118,1476,247,5,2,9,1183,3
1118,1119,3445,1405,16,2,925,581,1
1119,1120,9837,384,1,11,1075,352,5
1120,1121,1314,457,8,5,1012,987,5
1121,1122,5951,936,6,7,1151,335,5
1122,1123,5951,936,6,8,530,511,3
1123,1124,992,177,6,11,839,152,1
1124,1125,4699,625,18,11,1122,746,3
1125,1126,5557,2114,17,9,989,589,2
1126,1127,3436,933,3,3,257,552,4
1127,1128,9840,3870,11,8,384,657,2
1128,1129,7620,125,4,9,920,404,1
1129,1130,7620,125,4,8,1152,1124,2
1130,1131,4314,1591,5,6,781,822,5
1131,1132,8851,999,12,8,876,691,5
1132,1133,544,272,2,12,55,797,3
1133,1134,544,272,2,8,439,613,3
1134,1135,537,142,20,3,152,618,2
1135,1136,5944,2661,7,10,303,253,2
1136,1137,2258,135,18,6,1174,766,2
1137,1138,2258,135,18,4,44,8,5
1138,1139,9609,4339,3,11,810,976,4
1139,1140,9609,4339,3,3,879,285,5
1140,1141,9952,3301,15,12,739,967,5
1141,1142,9873,4585,7,12,1078,507,1
1142,1143,3560,1335,15,8,756,693,1
1143,1144,3560,1335,15,4,537,463,1
1144,1145,6528,76,9,12,465,74,5
1145,1146,8930,3374,12,4,1172,743,2
1146,1147,4521,1778,9,7,981,756,3
1147,1148,7091,2317,10,2,26,367,4
1148,1149,2101,287,8,11,989,1056,2
1149,1150,2101,287,8,3,180,138,1
1150,1151,8644,1968,9,2,503,463,5
1151,1152,6672,3319,4,1,697,686,3
1152,1153,6672,3319,4,2,1014,798,3
1153,1154,4699,103,12,3,483,115,3
1154,1155,4897,1001,14,11,549,758,4
1155,1156,4897,1001,14,2,243,432,3
1156,1157,5460,2088,14,8,1141,626,4
1157,1158,5460,2088,14,4,306,40,2
1158,1159,9272,1771,19,11,452,260,3
1159,1160,9272,1771,19,1,973,155,1
1160,1161,7870,1057,15,1,419,1022,3
1161,1162,7870,1057,15,8,786,1108,1
1162,1163,7992,893,12,1,379,990,3
1163,1164,7992,893,12,11,365,113,5
1164,1165,7992,893,12,3,445,817,3
1165,1166,6499,2189,18,12,80,289,5
1166,1167,6499,2189,18,9,212,954,3
1167,1168,8848,2090,9,4,464,634,3
1168,1169,8044,3634,3,9,891,967,2
1169,1170,8044,3634,3,5,761,745,3
1170,1171,7417,1334,16,10,673,719,4
1171,1172,3451,658,3,7,293,223,3
1172,1173,8531,2555,4,2,842,200,2
1173,1174,6646,848,15,4,660,603,2
1174,1175,6646,848,15,7,145,121,4
1175,1176,2553,907,6,6,873,843,2
1176,1177,8490,3485,3,10,214,513,4
1177,1178,2689,1330,3,2,849,135,4
1178,1179,2689,1330,3,9,216,870,1
1179,1180,815,54,14,9,347,484,3
1180,1181,5024,379,2,12,601,598,2
1181,1182,5024,379,2,1,1089,761,5
1182,1183,8962,2444,18,4,920,408,2
1183,1184,8962,2444,18,9,614,1006,4
1184,1185,1961,59,12,2,923,281,1
1185,1186,526,83,4,2,98,1185,5
1186,1187,6093,3042,9,1,516,739,3
1187,1188,6093,3042,9,11,149,889,3
1188,1189,7699,246,5,11,311,606,3
1189,1190,8825,3594,15,9,1115,414,5
1190,1191,2082,642,8,9,906,262,5
1191,1192,2082,642,8,1,854,1090,3
1192,1193,2082,642,8,2,1078,773,1
1193,1194,914,163,13,3,68,129,2
