,customer_id,customername,city,state
0,1,David Padilla,Miami,Florida
1,2,Connor Morgan,Chicago,Illinois
2,3,Robert Stone,Buffalo,New York
3,4,John Fields,Orlando,Florida
4,5,Clayton Smith,Miami,Florida
5,6,Richard Kelley,Los Angeles,California
6,7,Jacqueline Hubbard,New York City,New York
7,8,Jessica Anderson,New York City,New York
8,9,Mary Taylor,Orlando,Florida
9,10,Walter Crawford,Springfield,Illinois
10,11,Lawrence Robinson,Rochester,New York
11,12,Douglas Pennington,Dallas,Texas
12,13,Ricardo Andrews,San Diego,California
13,14,Paul Raymond,San Diego,California
14,15,Karen Johnson,Rochester,New York
15,16,Juan Erickson,Austin,Texas
16,17,Alexander Reed,New York City,New York
17,18,Jacqueline Harris,San Francisco,California
18,19,Tyler Park,San Francisco,California
19,20,Richard Wolfe,Columbus,Ohio
20,21,Sierra Rios,Orlando,Florida
21,22,Jessica Richardson,San Diego,California
22,23,Kimberly Warren,Cincinnati,Ohio
23,24,Casey Garcia,Orlando,Florida
24,25,Denise Hampton,San Francisco,California
25,26,Justin Rodriguez,Cleveland,Ohio
26,27,Ms. Emily Baxter,Rochester,New York
27,28,Austin White,Los Angeles,California
28,29,Morgan Montes,San Diego,California
29,30,Christine Mosley,Cincinnati,Ohio
30,31,Ashley Rodriguez,Austin,Texas
31,32,Elizabeth King,Dallas,Texas
32,33,Connie Holmes,Cincinnati,Ohio
33,34,Melissa Peck,Miami,Florida
34,35,David Smith,Orlando,Florida
35,36,Jacqueline Harris,Houston,Texas
36,37,Heather Jenkins,Buffalo,New York
37,38,Kelsey Castaneda,Cleveland,Ohio
38,39,Katherine Harris,Los Angeles,California
39,40,Paul Rogers,Miami,Florida
40,41,Jon Banks,Tampa,Florida
41,42,Michelle Williams,Buffalo,New York
42,43,Andrew Allen,San Diego,California
43,44,Vanessa Bauer,Buffalo,New York
44,45,Sean Smith,Cleveland,Ohio
45,46,Shelly Sweeney,New York City,New York
46,47,Emily Gill,Springfield,Illinois
47,48,Brian Patrick,Tampa,Florida
48,49,Dr. Sarah Booth,Cincinnati,Ohio
49,50,Douglas Mcfarland,Cleveland,Ohio
50,51,Kayla Ross,Peoria,Illinois
51,52,Marc Strickland,Orlando,Florida
52,53,Charlene Brown,Miami,Florida
53,54,Charles Smith,Columbus,Ohio
54,55,Karen Townsend,Houston,Texas
55,56,Steven Cox,Los Angeles,California
56,57,Cynthia Rodriguez,Rochester,New York
57,58,Jessica Baker,Austin,Texas
58,59,Mark Blackburn,Dallas,Texas
59,60,Zachary Perez,Austin,Texas
60,61,Brian Green,San Diego,California
61,62,Becky Leach,Miami,Florida
62,63,Bryan Russell,Dallas,Texas
63,64,Tony Maddox,San Francisco,California
64,65,Jason Randolph,San Francisco,California
65,66,Laura Andrews,New York City,New York
66,67,Mrs. Stephanie Hooper,San Francisco,California
67,68,Anthony Evans,Cleveland,Ohio
68,69,Patrick Williams,Rochester,New York
69,70,Susan Burke,Austin,Texas
70,71,Brent Hernandez,Rochester,New York
71,72,Sean Elliott,San Francisco,California
72,73,Wanda West,Cleveland,Ohio
73,74,Renee Solomon,Tampa,Florida
74,75,Daryl Miles,Orlando,Florida
75,76,Michael Hunt,Dallas,Texas
76,77,Adam Clark,San Francisco,California
77,78,Amy Olsen,Springfield,Illinois
78,79,Stacey Miller,San Diego,California
79,80,Daniel Mosley,Los Angeles,California
80,81,Monica Gibson,Springfield,Illinois
81,82,Christopher Jordan,Columbus,Ohio
82,83,Christina Davis,Chicago,Illinois
83,84,Claudia Curry,Austin,Texas
84,85,Brandon Anderson,Austin,Texas
85,86,George Foster,Dallas,Texas
86,87,Nicholas Anderson,Orlando,Florida
87,88,Emily Ellison,Los Angeles,California
88,89,Darren Perez,Austin,Texas
89,90,Michelle Hunter,Cincinnati,Ohio
90,91,Janet Guerrero,Rochester,New York
91,92,Jeffrey Kline,Miami,Florida
92,93,Ryan Bullock,Tampa,Florida
93,94,Tom Lawson,Buffalo,New York
94,95,Rebecca Smith,Dallas,Texas
95,96,William Welch,Orlando,Florida
96,97,Mr. Curtis Bailey,Tampa,Florida
97,98,Janet Carlson,Miami,Florida
98,99,Spencer Spears,Chicago,Illinois
99,100,Jeffrey Middleton,Buffalo,New York
100,101,Veronica Kelley,Orlando,Florida
101,102,Leslie Bean,Springfield,Illinois
102,103,Amy Wilson,Los Angeles,California
103,104,Susan Ramirez,Cleveland,Ohio
104,105,Jacob Meyer,Peoria,Illinois
105,106,Scott Lewis,Houston,Texas
106,107,Eric Griffith,Chicago,Illinois
107,108,Anna Ferguson,San Francisco,California
108,109,David Figueroa,Miami,Florida
109,110,Theresa Medina,Springfield,Illinois
110,111,Mary Smith,Miami,Florida
111,112,Lance Cain,Tampa,Florida
112,113,Alexandra Moran,San Francisco,California
113,114,Sara Castro,Chicago,Illinois
114,115,Shawn Leach,Peoria,Illinois
115,116,Mark Boyle,Buffalo,New York
116,117,John Stevens,San Francisco,California
117,118,Lisa Graham,Peoria,Illinois
118,119,Nancy Jones,Cleveland,Ohio
119,120,Darryl Robbins,Peoria,Illinois
120,121,Kimberly Smith,Springfield,Illinois
121,122,Maria Thomas,Miami,Florida
122,123,Nicholas Johnson,Dallas,Texas
123,124,Dawn Howard,Houston,Texas
124,125,Jennifer Marshall,San Francisco,California
125,126,Frank Garcia,Buffalo,New York
126,127,Terri Madden,Rochester,New York
127,128,James Gutierrez,Rochester,New York
128,129,Morgan Sellers,Los Angeles,California
129,130,Caitlin Thomas,New York City,New York
130,131,Kimberly Greene,Orlando,Florida
131,132,Tammy Anthony,Cleveland,Ohio
132,133,Jennifer Chase,Buffalo,New York
133,134,Cassandra Farley,Orlando,Florida
134,135,Justin Vasquez,Houston,Texas
135,136,Melissa Morales,Houston,Texas
136,137,Tyler Thompson,Dallas,Texas
137,138,Heidi Davis,Buffalo,New York
138,139,Charles Lane,Dallas,Texas
139,140,Joyce Good MD,Miami,Florida
140,141,Maria Miller,Buffalo,New York
141,142,Terry Mcdaniel,Cincinnati,Ohio
142,143,Lisa Jacobs,Buffalo,New York
143,144,Jeff Duncan,Cincinnati,Ohio
144,145,Pamela Jones,New York City,New York
145,146,Renee Robinson,Columbus,Ohio
146,147,Jessica Kidd,Buffalo,New York
147,148,Nicholas Martin,Tampa,Florida
148,149,David Brown,Peoria,Illinois
149,150,Amber Moore,New York City,New York
150,151,James Williams,San Francisco,California
151,152,Karina Barr,Dallas,Texas
152,153,Meghan Rush,Cleveland,Ohio
153,154,Bianca Brown,Columbus,Ohio
154,155,Timothy Jensen,Orlando,Florida
155,156,Melinda Montoya,San Francisco,California
156,157,Tammy Bell,Cincinnati,Ohio
157,158,Connie Richards,Cleveland,Ohio
158,159,Peter Ward,Rochester,New York
159,160,Jonathan Alvarez,Columbus,Ohio
160,161,Becky Hodges,Houston,Texas
161,162,Larry Hill,New York City,New York
162,163,Amber Moon,Cleveland,Ohio
163,164,Cynthia Wilcox,Chicago,Illinois
164,165,Rebecca Wright,Rochester,New York
165,166,Sarah Flores,Springfield,Illinois
166,167,Carol Norman,Rochester,New York
167,168,Stephanie Gardner,San Diego,California
168,169,Philip Baker,Peoria,Illinois
169,170,Randall Dennis,Orlando,Florida
170,171,Suzanne Cross,Austin,Texas
171,172,Jasmine Delgado,Chicago,Illinois
172,173,Kristen Harper,Buffalo,New York
173,174,Kaitlyn Graham MD,New York City,New York
174,175,Dean Avila,Cincinnati,Ohio
175,176,Megan Mack,Austin,Texas
176,177,Heather Johnson,Los Angeles,California
177,178,Tina Davies,Chicago,Illinois
178,179,Matthew Harris,Dallas,Texas
179,180,Christopher Kirk,Miami,Florida
180,181,Eric Stevens,Miami,Florida
181,182,James Dickerson,Houston,Texas
182,183,James Jones,Dallas,Texas
183,184,Hannah Hendricks,Cleveland,Ohio
184,185,Brett Mullins,Orlando,Florida
185,186,Ms. Kim Jordan,Chicago,Illinois
186,187,Marcus Santiago,Buffalo,New York
187,188,Jill Perez,San Diego,California
188,189,Courtney Williams,Columbus,Ohio
189,190,Jordan Hahn,Rochester,New York
190,191,William Cook,Cleveland,Ohio
191,192,Stephanie Hayes,Austin,Texas
192,193,Melissa Wise,Columbus,Ohio
193,194,Elizabeth Gonzalez,San Diego,California
194,195,Mr. Eric Lopez,Buffalo,New York
195,196,Benjamin Higgins,Rochester,New York
196,197,Brett Sutton,Austin,Texas
197,198,Anna Blackburn,Cincinnati,Ohio
198,199,Michelle Bailey,Dallas,Texas
199,200,Sara Peterson,Chicago,Illinois
200,201,Katherine Williams,Orlando,Florida
201,202,Cory Evans,Orlando,Florida
202,203,Michael Rodriguez,Cincinnati,Ohio
203,204,John Munoz,Dallas,Texas
204,205,David Clark,Tampa,Florida
205,206,April Welch,Springfield,Illinois
206,207,Alan Livingston,Peoria,Illinois
207,208,Angela Jackson,Dallas,Texas
208,209,Amy Williams,Austin,Texas
209,210,Laura Jordan,Dallas,Texas
210,211,Richard Maynard,Cincinnati,Ohio
211,212,Lawrence Oliver,Springfield,Illinois
212,213,Anthony Williams,Rochester,New York
213,214,Lynn Matthews,Dallas,Texas
214,215,Andrew Griffin,Chicago,Illinois
215,216,Megan Williams,Chicago,Illinois
216,217,Alison Martin,Buffalo,New York
217,218,Samuel Wallace,San Francisco,California
218,219,Manuel Stark,Springfield,Illinois
219,220,William Villarreal,Orlando,Florida
220,221,Brandon Kirk,Cleveland,Ohio
221,222,Abigail Brown,Los Angeles,California
222,223,Kristine Carter,Houston,Texas
223,224,Wesley Deleon,Springfield,Illinois
224,225,Laura Cole,Tampa,Florida
225,226,Lauren Harris,Cleveland,Ohio
226,227,Cameron Miller,Chicago,Illinois
227,228,Jacob Carpenter,Buffalo,New York
228,229,Pamela Callahan DVM,Columbus,Ohio
229,230,William Ruiz,Miami,Florida
230,231,Paula Marshall,Dallas,Texas
231,232,Natalie Cox,Orlando,Florida
232,233,Andrew Fernandez,Cincinnati,Ohio
233,234,Alisha Saunders,San Francisco,California
234,235,Travis Chandler DDS,Rochester,New York
235,236,Russell Austin,New York City,New York
236,237,Collin Cameron,San Francisco,California
237,238,Elizabeth Hernandez,Orlando,Florida
238,239,William Russell,Austin,Texas
239,240,Sheri Berg,Los Angeles,California
240,241,Anthony Barnett,Peoria,Illinois
241,242,Kaitlyn Flores,Cleveland,Ohio
242,243,Rebecca Owen,Springfield,Illinois
243,244,Michael Bell,San Diego,California
244,245,Willie Huynh,Buffalo,New York
245,246,Samuel Hayes,Peoria,Illinois
246,247,Sherry Tran,Buffalo,New York
247,248,Heather Gray,Cincinnati,Ohio
248,249,Benjamin Meadows,Peoria,Illinois
249,250,Micheal Graham,Buffalo,New York
250,251,Jean Jackson,San Francisco,California
251,252,Timothy Murphy,San Francisco,California
252,253,Mrs. Jennifer Lewis,San Francisco,California
253,254,Bryan Brown,Rochester,New York
254,255,Christopher Johnson,Miami,Florida
255,256,Christina Conner,Columbus,Ohio
256,257,Luis Luna,San Francisco,California
257,258,Julie Chavez,Cincinnati,Ohio
258,259,Richard Blair,Miami,Florida
259,260,Mitchell Lester,Chicago,Illinois
260,261,Mr. John Tyler PhD,Houston,Texas
261,262,Juan Kelly,Miami,Florida
262,263,Morgan Mccarthy,Dallas,Texas
263,264,Morgan Sullivan,Houston,Texas
264,265,Eric Clark,Orlando,Florida
265,266,Mark Padilla,San Diego,California
266,267,Anthony Lane,Cleveland,Ohio
267,268,Jeffrey Henderson,Tampa,Florida
268,269,Michelle Hardy,Dallas,Texas
269,270,Ms. Barbara Cervantes,Rochester,New York
270,271,Steven Proctor,Austin,Texas
271,272,Shannon Patterson,Springfield,Illinois
272,273,William Valdez,San Diego,California
273,274,Laura Yu,Houston,Texas
274,275,Jonathan Mcmillan,Buffalo,New York
275,276,Austin Davis,San Diego,California
276,277,Mark Roy,San Francisco,California
277,278,Jillian Williams,San Diego,California
278,279,Rebekah Carter,Orlando,Florida
279,280,Jonathan Reed,San Francisco,California
280,281,Roger Harris,Springfield,Illinois
281,282,Louis Jimenez,Tampa,Florida
282,283,Jessica Jones,Peoria,Illinois
283,284,Renee Gomez,Miami,Florida
284,285,Connie Olson,Houston,Texas
285,286,Christian Jones,Buffalo,New York
286,287,Matthew Kelley,Orlando,Florida
287,288,Candace Martinez,Tampa,Florida
288,289,Jacob Mann,Austin,Texas
289,290,Keith Reese,Austin,Texas
290,291,Aaron Jones,Austin,Texas
291,292,Christopher Brooks,Peoria,Illinois
292,293,Charles Moore,Miami,Florida
293,294,Manuel Walls,Houston,Texas
294,295,Darren Moore,Peoria,Illinois
295,296,Stephanie Thomas,Rochester,New York
296,297,Kristy Hernandez,San Diego,California
297,298,Randy Johnson,Columbus,Ohio
298,299,James Benitez,Miami,Florida
299,300,Donald York,Buffalo,New York
300,301,Tiffany Parker,Houston,Texas
301,302,Melissa Mcknight,Los Angeles,California
302,303,Mr. Jack Mercado,Cincinnati,Ohio
303,304,Christian Jones,Rochester,New York
304,305,Rachel Fisher,Peoria,Illinois
305,306,Donald Moore,Rochester,New York
306,307,William Wu,Tampa,Florida
307,308,Jesus Zuniga,Houston,Texas
308,309,Michael Gallegos,Los Angeles,California
309,310,Robert Daniels,Chicago,Illinois
310,311,Jill Jones,New York City,New York
311,312,Elizabeth Miller,Springfield,Illinois
312,313,Sabrina Clark,Los Angeles,California
313,314,Larry Casey,Chicago,Illinois
314,315,Daniel Burns,Rochester,New York
315,316,James Tanner,Houston,Texas
316,317,Leonard Gonzalez,San Francisco,California
317,318,Richard Lee,Buffalo,New York
318,319,Matthew Schroeder,Cleveland,Ohio
319,320,Marcus Flores,Los Angeles,California
320,321,Tonya Long,Miami,Florida
321,322,Michael Chambers,Los Angeles,California
322,323,Kaylee Glover,Springfield,Illinois
323,324,Pamela Patterson,San Francisco,California
324,325,Ronald Mckinney,Austin,Texas
325,326,James Hart,Chicago,Illinois
326,327,Rhonda Harris,Orlando,Florida
327,328,Randy Fisher,Houston,Texas
328,329,James Hernandez,San Francisco,California
329,330,Brenda Murphy,San Francisco,California
330,331,Andrew Kirby,San Diego,California
331,332,Justin Thomas,San Francisco,California
332,333,Jillian Johnson MD,San Diego,California
333,334,William Martin,Columbus,Ohio
334,335,Mark Dixon,Cincinnati,Ohio
335,336,Alicia Allen,Dallas,Texas
336,337,Cynthia Meyer,Tampa,Florida
337,338,Brandon Norton,Springfield,Illinois
338,339,Christina Scott,Tampa,Florida
339,340,Andrew Macias,Austin,Texas
340,341,Alejandro Williams,Springfield,Illinois
341,342,Mark Rodriguez,New York City,New York
342,343,Sarah Montgomery,Chicago,Illinois
343,344,Marisa Prince,Buffalo,New York
344,345,James Bonilla,San Diego,California
345,346,Robin Myers,Dallas,Texas
346,347,Nancy Sanchez,Springfield,Illinois
347,348,Sydney Walls,Chicago,Illinois
348,349,Deborah Hoffman,Miami,Florida
349,350,Megan Williams,Dallas,Texas
350,351,Shane Clark,San Diego,California
351,352,Steven Haynes,Springfield,Illinois
352,353,Kimberly Fuller,Buffalo,New York
353,354,Angela Lyons,New York City,New York
354,355,Betty Tucker,Cincinnati,Ohio
355,356,Brianna Hunt,Miami,Florida
356,357,Cathy Clark,Tampa,Florida
357,358,Nicole Warren,Los Angeles,California
358,359,Richard Castaneda,Cleveland,Ohio
359,360,Sarah Torres,San Diego,California
360,361,Vanessa Deleon,Tampa,Florida
361,362,Richard Lyons,Dallas,Texas
362,363,Eric Adams,Springfield,Illinois
363,364,Chad Brown,Orlando,Florida
364,365,Kayla Becker,Los Angeles,California
365,366,Ashley Freeman,Tampa,Florida
366,367,Scott Harris,Los Angeles,California
367,368,John James,Columbus,Ohio
368,369,Jesse Bond,Springfield,Illinois
369,370,Brandon Hughes,Dallas,Texas
370,371,Lynn Reynolds,Cincinnati,Ohio
371,372,Ronald Good,Miami,Florida
372,373,Kyle Baker,Houston,Texas
373,374,Michael Rivera,Los Angeles,California
374,375,Lori Adkins,San Diego,California
375,376,Luis Warner,New York City,New York
376,377,Donald Perry,Orlando,Florida
377,378,Adam Stevens,Buffalo,New York
378,379,Kimberly Johnson,Buffalo,New York
379,380,Kelly Jones,Rochester,New York
380,381,Ashley Petty,Peoria,Illinois
381,382,Crystal Ross,Austin,Texas
382,383,Alexis Duffy,Los Angeles,California
383,384,Stephanie Sanchez,Miami,Florida
384,385,Reginald Espinoza,Cleveland,Ohio
385,386,Sandra Hicks,San Diego,California
386,387,Olivia Orozco,Austin,Texas
387,388,Larry Moore,Tampa,Florida
388,389,Mrs. Rachel Cannon DDS,Tampa,Florida
389,390,Daniel Flowers,Springfield,Illinois
390,391,Randy Acosta,Tampa,Florida
391,392,Deborah Williams,Chicago,Illinois
392,393,Robert Michael,Austin,Texas
393,394,Danny Ramirez,New York City,New York
394,395,Stephen Baker,Columbus,Ohio
395,396,Jeffrey Wilcox,Peoria,Illinois
396,397,James Clarke,Dallas,Texas
397,398,Julia Gallagher,Houston,Texas
398,399,Ronald Frey Jr.,New York City,New York
399,400,Megan Charles,Tampa,Florida
400,401,Amy Duran MD,Orlando,Florida
401,402,Christopher Thomas,New York City,New York
402,403,Peter Castro,Dallas,Texas
403,404,Steven Acosta,Orlando,Florida
404,405,Lindsay Jackson,Austin,Texas
405,406,Kelly Smith,Cleveland,Ohio
406,407,Sabrina Hartman,Tampa,Florida
407,408,Cynthia Smith,Rochester,New York
408,409,Olivia Dickerson,Buffalo,New York
409,410,Whitney Stout,Austin,Texas
410,411,Stephanie Flores,San Diego,California
411,412,Gregory English,Los Angeles,California
412,413,Natalie Maxwell,New York City,New York
413,414,Tina Blake,Buffalo,New York
414,415,Clarence Cooke,San Francisco,California
415,416,Tamara Guzman,Buffalo,New York
416,417,Marissa Hartman,Buffalo,New York
417,418,Sara Garcia,Peoria,Illinois
418,419,Kathryn Rogers,Columbus,Ohio
419,420,Kyle Dickson,Dallas,Texas
420,421,Jacob Decker,Tampa,Florida
421,422,Aaron Johnson,Rochester,New York
422,423,William Morse,Rochester,New York
423,424,Carrie Smith,Peoria,Illinois
424,425,Vincent Roth,Los Angeles,California
425,426,Andrew Benson,Orlando,Florida
426,427,Jason Wilson,Austin,Texas
427,428,Colin Patterson,New York City,New York
428,429,Eric Bates,Columbus,Ohio
429,430,Steven Keith,San Francisco,California
430,431,Seth Rodriguez,Tampa,Florida
431,432,Lauren Jones,Cincinnati,Ohio
432,433,Thomas Wallace,Dallas,Texas
433,434,Mr. Daniel Wilson,Cincinnati,Ohio
434,435,Julie Smith MD,Rochester,New York
435,436,Carol Mitchell,Chicago,Illinois
436,437,John Thompson,Austin,Texas
437,438,Debra Rodriguez,Tampa,Florida
438,439,Erin Vasquez,Orlando,Florida
439,440,Clayton Lara,Miami,Florida
440,441,Tony Ray,Cleveland,Ohio
441,442,Steven Frey,Miami,Florida
442,443,Stephanie Leonard,Buffalo,New York
443,444,Crystal Chambers,New York City,New York
444,445,Robert White,Orlando,Florida
445,446,Sylvia Barron,Rochester,New York
446,447,Marcus Brown,Chicago,Illinois
447,448,Annette Pierce,Rochester,New York
448,449,Donald Hernandez,San Francisco,California
449,450,Megan Davis,Cleveland,Ohio
450,451,Robert Brooks,Houston,Texas
451,452,Miguel Alvarez,Rochester,New York
452,453,Jennifer Arnold,New York City,New York
453,454,Jessica Blankenship,Cincinnati,Ohio
454,455,Peggy Campos,Buffalo,New York
455,456,Craig Ortega,Cincinnati,Ohio
456,457,Johnny Simon,Los Angeles,California
457,458,Keith Brooks,New York City,New York
458,459,Jason Martinez,Columbus,Ohio
459,460,Steven Herrera,San Diego,California
460,461,Beverly Lamb,Chicago,Illinois
461,462,Michael Williams,Springfield,Illinois
462,463,Zachary Carpenter,Los Angeles,California
463,464,Timothy Baker,Austin,Texas
464,465,Adam James,Chicago,Illinois
465,466,Katrina Wood,Chicago,Illinois
466,467,James Murray,Dallas,Texas
467,468,Mr. Nathaniel Reeves,Rochester,New York
468,469,Jodi Wood,Cleveland,Ohio
469,470,Dr. Thomas Peterson,San Diego,California
470,471,Mario Hall,New York City,New York
471,472,Justin Rosales,Miami,Florida
472,473,Autumn Lee,Columbus,Ohio
473,474,Victoria Duran,Dallas,Texas
474,475,Barry Garcia,Springfield,Illinois
475,476,Dawn Webb,Peoria,Illinois
476,477,Patricia Sanford,Austin,Texas
477,478,William Walters,San Francisco,California
478,479,Emma Scott,Buffalo,New York
479,480,Sabrina Buckley,Rochester,New York
480,481,Robert Rojas,San Francisco,California
481,482,Eric Johnson,Cleveland,Ohio
482,483,Heather Parker,Austin,Texas
483,484,Thomas Matthews,Peoria,Illinois
484,485,Kimberly Beard,Cleveland,Ohio
485,486,Lydia Donovan,Peoria,Illinois
486,487,Edward Johnson,Orlando,Florida
487,488,Ricky Smith,Miami,Florida
488,489,Mr. Ralph Garcia Jr.,Rochester,New York
489,490,Malik Walker,New York City,New York
490,491,Tanya Walker,San Diego,California
491,492,Sherri Ferguson DVM,Austin,Texas
492,493,Kristin Hart,San Francisco,California
493,494,Jim Johnson,Cincinnati,Ohio
494,495,David Hamilton,Houston,Texas
495,496,Michael Jimenez,Los Angeles,California
496,497,Angela Norman,Springfield,Illinois
497,498,Denise Mcdaniel,Los Angeles,California
498,499,Michael Rodriguez,Rochester,New York
499,500,Matthew Huff,San Diego,California
500,501,Linda Little,Tampa,Florida
501,502,Kerri Andrews,San Francisco,California
502,503,Jeffrey Johnson III,San Francisco,California
503,504,Daniel Dixon,San Diego,California
504,505,Tiffany Robinson,Miami,Florida
505,506,Mr. Gregg Sawyer,Peoria,Illinois
506,507,John Silva,Los Angeles,California
507,508,Nathan Moss,Springfield,Illinois
508,509,Donald Medina,Houston,Texas
509,510,Charles Henderson,Tampa,Florida
510,511,Brenda Davis,San Francisco,California
511,512,Leah Calderon,Chicago,Illinois
512,513,Brandi Vasquez,Rochester,New York
513,514,Debra Richards,Tampa,Florida
514,515,Tammy Day,New York City,New York
515,516,Sheila Clay,Buffalo,New York
516,517,Nicholas Flores,Cleveland,Ohio
517,518,Jasmin Jones,Chicago,Illinois
518,519,Matthew Gardner,Tampa,Florida
519,520,Joseph Perkins,Orlando,Florida
520,521,Ashley Adams MD,Orlando,Florida
521,522,Cheryl Stevens,San Francisco,California
522,523,Jorge George,New York City,New York
523,524,Ann Mooney,Los Angeles,California
524,525,James Mendoza,Cleveland,Ohio
525,526,Kaitlin Garrison,Columbus,Ohio
526,527,Jeremy Jackson,Dallas,Texas
527,528,Dale Craig,San Diego,California
528,529,Joseph Hooper,Buffalo,New York
529,530,Alexander Adams,Buffalo,New York
530,531,Ashlee Mills,Orlando,Florida
531,532,Brittany Jenkins,Buffalo,New York
532,533,Eddie Gonzales,Cleveland,Ohio
533,534,Edward Valencia,Miami,Florida
534,535,Emma Bruce,Austin,Texas
535,536,Carl Wade DDS,Buffalo,New York
536,537,Brandon Alvarado,Columbus,Ohio
537,538,Jennifer Clark,Austin,Texas
538,539,David Johnson,Austin,Texas
539,540,April Marquez,Cleveland,Ohio
540,541,Joseph Guerrero,Los Angeles,California
541,542,Michael Hanson,Rochester,New York
542,543,William Hill,Dallas,Texas
543,544,Kelsey Huber,Miami,Florida
544,545,Hailey Chandler,Dallas,Texas
545,546,Cheyenne Rose,Orlando,Florida
546,547,Richard Petersen,Chicago,Illinois
547,548,Kathryn Gray,Rochester,New York
548,549,Victor Collins,San Diego,California
549,550,Jason Hernandez,San Francisco,California
550,551,Jacob Torres,Houston,Texas
551,552,Erin Hernandez,Los Angeles,California
552,553,Jacob Guzman,Peoria,Illinois
553,554,Mike Armstrong,New York City,New York
554,555,Cindy Rowland,Springfield,Illinois
555,556,Kenneth Matthews,Rochester,New York
556,557,Susan Valdez,New York City,New York
557,558,Stephanie Manning,Orlando,Florida
558,559,Logan Galloway,New York City,New York
559,560,Christopher Stone,Cincinnati,Ohio
560,561,Megan Pitts,Columbus,Ohio
561,562,Richard Gardner,Columbus,Ohio
562,563,Samuel Moore,Columbus,Ohio
563,564,Robert Stokes,Orlando,Florida
564,565,Danielle Ramirez,San Francisco,California
565,566,Taylor White,Springfield,Illinois
566,567,Jordan Krause,Cleveland,Ohio
567,568,Kimberly King,Columbus,Ohio
568,569,Sharon Russell,San Diego,California
569,570,Kevin Cooper,Tampa,Florida
570,571,Darrell Ramos,Rochester,New York
571,572,Dr. Terry Alvarado,Tampa,Florida
572,573,Kathy Wilson,Dallas,Texas
573,574,Brandon Le,San Diego,California
574,575,Mary Wright,Cincinnati,Ohio
575,576,Douglas Reynolds,Los Angeles,California
576,577,Leroy Harris,Houston,Texas
577,578,Ricardo Dixon,Springfield,Illinois
578,579,Debra Smith,Austin,Texas
579,580,Jasmine James,Austin,Texas
580,581,Felicia Morton,Columbus,Ohio
581,582,Sylvia Jenkins,New York City,New York
582,583,Elizabeth White,Rochester,New York
583,584,Steven Steele,Springfield,Illinois
584,585,Amanda Ramirez,Dallas,Texas
585,586,Kyle Jackson,Buffalo,New York
586,587,Sharon Wilkins,Chicago,Illinois
587,588,Austin Hammond,Miami,Florida
588,589,Jessica Barajas,Peoria,Illinois
589,590,Jamie Jimenez,Buffalo,New York
590,591,James Carter,Columbus,Ohio
591,592,John Williams,Miami,Florida
592,593,Alicia Oneill,Springfield,Illinois
593,594,Rebecca Huff,Springfield,Illinois
594,595,Diana Scott,San Diego,California
595,596,Brian Young,Austin,Texas
596,597,Susan Wright,Los Angeles,California
597,598,Kayla Banks,Cincinnati,Ohio
598,599,Zachary Pierce,Houston,Texas
599,600,Nicolas Owen,San Francisco,California
600,601,Martha Carney,New York City,New York
601,602,Francisco Hicks,Springfield,Illinois
602,603,Matthew Parker,Springfield,Illinois
603,604,Paul Bryant,Buffalo,New York
604,605,Bruce Dennis,Austin,Texas
605,606,Joseph Bates,New York City,New York
606,607,Kelly Pacheco,Houston,Texas
607,608,Jeffrey Weber,Buffalo,New York
608,609,Andrew Krueger,Rochester,New York
609,610,Kathleen Cox,New York City,New York
610,611,Jamie Bradley,San Diego,California
611,612,Robert Martinez,Houston,Texas
612,613,Christopher Rogers,Chicago,Illinois
613,614,Roberto Parrish,Springfield,Illinois
614,615,Amber Kennedy,Tampa,Florida
615,616,Maria Davis,Buffalo,New York
616,617,Terry Gilbert,Miami,Florida
617,618,Devon Schmitt,Austin,Texas
618,619,Robert Mosley,Cincinnati,Ohio
619,620,Paul Scott,San Francisco,California
620,621,Kristin Alvarez,Springfield,Illinois
621,622,Kevin Jackson,Buffalo,New York
622,623,Mrs. Lauren Potter DDS,Columbus,Ohio
623,624,Jason Brown,Chicago,Illinois
624,625,Jamie Santos,Los Angeles,California
625,626,James Taylor,Tampa,Florida
626,627,Alicia Vincent,Cincinnati,Ohio
627,628,Kenneth Adams,Cleveland,Ohio
628,629,Shelby Browning,Chicago,Illinois
629,630,Johnny Hill,San Diego,California
630,631,Nicholas Tucker,Miami,Florida
631,632,Theresa Cline,Cleveland,Ohio
632,633,Christine Wheeler,Tampa,Florida
633,634,Carlos Wells,San Diego,California
634,635,Randall Bell,New York City,New York
635,636,Kendra Mckinney,Miami,Florida
636,637,Amanda Kim,Columbus,Ohio
637,638,Megan Morgan,Cleveland,Ohio
638,639,Vincent Kramer,Orlando,Florida
639,640,Raymond Bean,Springfield,Illinois
640,641,Reginald Hebert,Cincinnati,Ohio
641,642,Jeremy Vazquez,Cleveland,Ohio
642,643,Michael Stewart,Peoria,Illinois
643,644,Kevin Johnson,Tampa,Florida
644,645,Tara Hughes,Tampa,Florida
645,646,Sandra Perkins,Tampa,Florida
646,647,Heather Bell,San Francisco,California
647,648,Nancy Boyd,Cincinnati,Ohio
648,649,Raymond Reyes,San Diego,California
649,650,Cassandra Jordan,Peoria,Illinois
650,651,Evelyn Harris,Buffalo,New York
651,652,Shannon Maynard,Orlando,Florida
652,653,Marie James,Buffalo,New York
653,654,Maria Carroll,Cleveland,Ohio
654,655,Jessica Sloan,Austin,Texas
655,656,Scott Craig,Peoria,Illinois
656,657,Kaitlin Brown,Dallas,Texas
657,658,William Beck,Tampa,Florida
658,659,Eric Mason,Orlando,Florida
659,660,Lisa Lowe,Miami,Florida
660,661,Roy Miller,San Francisco,California
661,662,Christopher Espinoza,Columbus,Ohio
662,663,Claire Cole,Houston,Texas
663,664,Eric Nunez,San Diego,California
664,665,David Bell,Los Angeles,California
665,666,Patrick Hensley MD,Cincinnati,Ohio
666,667,John Cox,Peoria,Illinois
667,668,Michelle Sullivan,Chicago,Illinois
668,669,Angela Todd,New York City,New York
669,670,Luke Saunders,Dallas,Texas
670,671,Dr. Jennifer Benton DVM,Springfield,Illinois
671,672,Keith Smith,Miami,Florida
672,673,Danielle Mitchell,Peoria,Illinois
673,674,Jesus Hernandez,Los Angeles,California
674,675,Jason Norman,Miami,Florida
675,676,Laura Poole,Rochester,New York
676,677,Sarah Wagner,Houston,Texas
677,678,Bryan Baird,Peoria,Illinois
678,679,Amy Thompson,Cincinnati,Ohio
679,680,Ashley Wright,Cleveland,Ohio
680,681,Michelle Lynch,Springfield,Illinois
681,682,Ryan Hale,Cleveland,Ohio
682,683,Marie Jefferson,Orlando,Florida
683,684,Vanessa Smith,Houston,Texas
684,685,Ryan Foster,Columbus,Ohio
685,686,David Lara,San Diego,California
686,687,Jonathan Young,Springfield,Illinois
687,688,Debra Townsend,Cincinnati,Ohio
688,689,John Thomas,San Francisco,California
689,690,Bryan Anderson,Los Angeles,California
690,691,Sarah Miller,New York City,New York
691,692,Robert Hill,Columbus,Ohio
692,693,Joshua Rojas,Miami,Florida
693,694,Angelica Lewis,New York City,New York
694,695,Jessica Russell,Dallas,Texas
695,696,Mary Johnson,Rochester,New York
696,697,Joseph Knight,Peoria,Illinois
697,698,Jessica Greene,New York City,New York
698,699,Vincent Perez,Rochester,New York
699,700,Dennis Rivera,San Francisco,California
700,701,Nancy Keller,Dallas,Texas
701,702,Michelle Anderson,Cleveland,Ohio
702,703,Anthony May,Tampa,Florida
703,704,Michelle Guerra,New York City,New York
704,705,Meghan Ballard,New York City,New York
705,706,Brian Wheeler,Buffalo,New York
706,707,William Rosario,Dallas,Texas
707,708,Jessica Hunt,Springfield,Illinois
708,709,Tony Chavez,Columbus,Ohio
709,710,Mary Crawford,Cincinnati,Ohio
710,711,Roger Morrison,Cincinnati,Ohio
711,712,Bethany Harrison,Los Angeles,California
712,713,Lisa Mcintyre,Orlando,Florida
713,714,Carolyn Gonzalez,Miami,Florida
714,715,Christina Oconnell,San Francisco,California
715,716,James Garcia,Buffalo,New York
716,717,Emily Frederick,Austin,Texas
717,718,Shawn Wise,San Francisco,California
718,719,Carrie Alvarez,Peoria,Illinois
719,720,Matthew James,Peoria,Illinois
720,721,Jerry Alvarado,New York City,New York
721,722,Paul Zimmerman,Rochester,New York
722,723,Carl Ryan,Dallas,Texas
723,724,Kelly Roberts,Buffalo,New York
724,725,Jack Woods,Peoria,Illinois
725,726,Albert Alexander Jr.,Cleveland,Ohio
726,727,Teresa Perez,Austin,Texas
727,728,Amanda Williams,Columbus,Ohio
728,729,Kristen Lawson,Springfield,Illinois
729,730,Jacob Stewart,Miami,Florida
730,731,Daniel Brooks,Peoria,Illinois
731,732,Aaron Dunn,Springfield,Illinois
732,733,Jacob Martinez,Los Angeles,California
733,734,Raymond Burgess,San Diego,California
734,735,Jennifer Cooke,San Francisco,California
735,736,Tyrone White,San Diego,California
736,737,Charles Williams,Dallas,Texas
737,738,Amy Page,Columbus,Ohio
738,739,Scott Gibbs,Los Angeles,California
739,740,Angela Roberts,Cleveland,Ohio
740,741,Kyle Hernandez,Dallas,Texas
741,742,Cynthia Ferguson,Austin,Texas
742,743,Brandi Garcia,San Francisco,California
743,744,Matthew Blake,San Francisco,California
744,745,Lauren Howell,Buffalo,New York
745,746,Joseph Wilson,Cincinnati,Ohio
746,747,Tanner Vance,Houston,Texas
747,748,Michael Nash,Buffalo,New York
748,749,Brent Thomas,Peoria,Illinois
749,750,Harold Mitchell,Austin,Texas
750,751,Ashley Palmer,Miami,Florida
751,752,Stephen Hogan,San Diego,California
752,753,George Ashley,Houston,Texas
753,754,Sara Bailey,Cincinnati,Ohio
754,755,Tanya Thomas MD,Dallas,Texas
755,756,Maria Galvan,Columbus,Ohio
756,757,Duane Kelly,New York City,New York
757,758,Frank Reynolds,Springfield,Illinois
758,759,Aaron Kim,Buffalo,New York
759,760,David Allen,Tampa,Florida
760,761,Monica Lee,San Diego,California
761,762,Kimberly Fuller,Cleveland,Ohio
762,763,Erica Scott,Chicago,Illinois
763,764,Melissa Mitchell,Chicago,Illinois
764,765,Joshua Murray,Dallas,Texas
765,766,John Jones,San Diego,California
766,767,Cheryl Johnson,Cincinnati,Ohio
767,768,Lisa Farmer,Houston,Texas
768,769,Christopher Walker,Cincinnati,Ohio
769,770,Elizabeth Coffey,Buffalo,New York
770,771,Joseph Clark,Cincinnati,Ohio
771,772,Jamie Brewer,Springfield,Illinois
772,773,Lauren Boyer,Dallas,Texas
773,774,Howard Esparza,Houston,Texas
774,775,James Hickman,Cleveland,Ohio
775,776,Jennifer Hernandez,Cleveland,Ohio
776,777,Shannon Warren,New York City,New York
777,778,Ashley Aguilar,Chicago,Illinois
778,779,Daniel Price,New York City,New York
779,780,James Perez,Orlando,Florida
780,781,Jerry Smith,San Diego,California
781,782,Andre Fernandez,Orlando,Florida
782,783,Anthony West,San Diego,California
783,784,Amber Flowers,Tampa,Florida
784,785,Patricia Davis,Chicago,Illinois
785,786,Jasmine Gibbs,Austin,Texas
786,787,Nicole Dudley,New York City,New York
787,788,Lori Colon,Buffalo,New York
788,789,William Carr,Dallas,Texas
789,790,Jeffrey Dixon,New York City,New York
790,791,Robert Sexton,Los Angeles,California
791,792,Brooke Gonzalez,Miami,Florida
792,793,Victoria Bryant MD,San Francisco,California
793,794,Nancy Kennedy,Dallas,Texas
794,795,Andrew Barry,Peoria,Illinois
795,796,Carlos Wheeler,Cleveland,Ohio
796,797,Isabella Roach,Peoria,Illinois
797,798,Samantha Williams,Orlando,Florida
798,799,Samuel Little MD,Chicago,Illinois
799,800,Paul Taylor,San Francisco,California
800,801,Susan Baker,San Diego,California
801,802,Mark Fry,Austin,Texas
802,803,Megan Mclean,New York City,New York
803,804,Caitlin Hunt,Rochester,New York
804,805,Jenna Holland,Austin,Texas
805,806,Stephanie Oconnell,Buffalo,New York
806,807,Andrea Hill,Chicago,Illinois
